sep=;
Run time (s);Round;Exception;deadline;Agreement;Discounted;#agreeing;min.util.;max.util.;Dist. to Pareto;Dist. to Nash;Social Welfare;Agent 1;Agent 2;Utility 1;Utility 2;Disc. Util. 1;Disc. Util. 2;Perceived. Util. 1;Perceived. Util. 2;User Bother 1;User Bother 2;User Util. 1;User Util. 2;Profile 1;Profile 2
1459.666;933;;1000rounds;Yes;No;2;0.51042;0.57342;0.04480;0.07994;1.08384;AgentBuyogMain_c01@48;half_Right_C01@49;0.5104249096274984;0.573418347754688;0.5104249096274984;0.573418347754688;0.5104249096274984;0.573418347754688;0.0;0.0;0.5104249096274984;0.573418347754688;Energy-A-prof1.xml;Energy-A-prof2.xml
1216.424;862;;1000rounds;Yes;No;2;0.21862;0.77322;0.12053;0.43115;0.99183;AgentBuyogMain_c1@50;half_Right_C01@51;0.21861644997855087;0.7732151217685322;0.21861644997855087;0.7732151217685322;0.21861644997855087;0.7732151217685322;0.0;0.0;0.21861644997855087;0.7732151217685322;Energy-A-prof1.xml;Energy-A-prof2.xml
1014.507;726;;1000rounds;Yes;No;2;0.16581;0.95944;0.01022;0.48816;1.12525;AgentBuyogMain_c2@52;half_Right_C01@53;0.16581467983996293;0.959437275761381;0.16581467983996293;0.959437275761381;0.16581467983996293;0.959437275761381;0.0;0.0;0.16581467983996293;0.959437275761381;Energy-A-prof1.xml;Energy-A-prof2.xml
1.397;933;;1000rounds;Yes;No;2;0.51042;0.57342;0.04480;0.07994;1.08384;AgentHP2_main_01@54;half_Right_C01@55;0.5104249096274984;0.573418347754688;0.5104249096274984;0.573418347754688;0.5104249096274984;0.573418347754688;0.0;0.0;0.5104249096274984;0.573418347754688;Energy-A-prof1.xml;Energy-A-prof2.xml
1.536;786;;1000rounds;Yes;No;2;0.22399;0.91258;0.01022;0.41347;1.13657;AgentHP2_main_1@56;half_Right_C01@57;0.2239900273076991;0.9125797720323537;0.2239900273076991;0.9125797720323537;0.2239900273076991;0.9125797720323537;0.0;0.0;0.2239900273076991;0.9125797720323537;Energy-A-prof1.xml;Energy-A-prof2.xml
1.747;726;;1000rounds;Yes;No;2;0.16581;0.95944;0.01022;0.48816;1.12525;AgentHP2_main_2@58;half_Right_C01@59;0.16581467983996293;0.959437275761381;0.16581467983996293;0.959437275761381;0.16581467983996293;0.959437275761381;0.0;0.0;0.16581467983996293;0.959437275761381;Energy-A-prof1.xml;Energy-A-prof2.xml
1.195;933;;1000rounds;Yes;No;2;0.51042;0.57342;0.04480;0.07994;1.08384;AgentYK_01@60;half_Right_C01@61;0.5104249096274984;0.573418347754688;0.5104249096274984;0.573418347754688;0.5104249096274984;0.573418347754688;0.0;0.0;0.5104249096274984;0.573418347754688;Energy-A-prof1.xml;Energy-A-prof2.xml
0.898;826;;1000rounds;Yes;No;2;0.17582;0.90507;0.05136;0.44710;1.08089;AgentYK_1@62;half_Right_C01@63;0.175823222509749;0.9050699198918059;0.175823222509749;0.9050699198918059;0.175823222509749;0.9050699198918059;0.0;0.0;0.175823222509749;0.9050699198918059;Energy-A-prof1.xml;Energy-A-prof2.xml
0.909;829;;1000rounds;Yes;No;2;0.09056;0.88076;0.11587;0.50745;0.97132;AgentYK_2@64;half_Right_C01@65;0.09056287416991496;0.8807573073970075;0.09056287416991496;0.8807573073970075;0.09056287416991496;0.8807573073970075;0.0;0.0;0.09056287416991496;0.8807573073970075;Energy-A-prof1.xml;Energy-A-prof2.xml
1.112;933;;1000rounds;Yes;No;2;0.51042;0.57342;0.04480;0.07994;1.08384;AgreeableAgent2018_01@66;half_Right_C01@67;0.5104249096274984;0.573418347754688;0.5104249096274984;0.573418347754688;0.5104249096274984;0.573418347754688;0.0;0.0;0.5104249096274984;0.573418347754688;Energy-A-prof1.xml;Energy-A-prof2.xml
1.013;786;;1000rounds;Yes;No;2;0.22399;0.91258;0.01022;0.41347;1.13657;AgreeableAgent2018_1@68;half_Right_C01@69;0.2239900273076991;0.9125797720323537;0.2239900273076991;0.9125797720323537;0.2239900273076991;0.9125797720323537;0.0;0.0;0.2239900273076991;0.9125797720323537;Energy-A-prof1.xml;Energy-A-prof2.xml
0.768;726;;1000rounds;Yes;No;2;0.16581;0.95944;0.01022;0.48816;1.12525;AgreeableAgent2018_2@70;half_Right_C01@71;0.16581467983996293;0.959437275761381;0.16581467983996293;0.959437275761381;0.16581467983996293;0.959437275761381;0.0;0.0;0.16581467983996293;0.959437275761381;Energy-A-prof1.xml;Energy-A-prof2.xml
1.005;933;;1000rounds;Yes;No;2;0.51042;0.57342;0.04480;0.07994;1.08384;GeneKing_01@72;half_Right_C01@73;0.5104249096274984;0.573418347754688;0.5104249096274984;0.573418347754688;0.5104249096274984;0.573418347754688;0.0;0.0;0.5104249096274984;0.573418347754688;Energy-A-prof1.xml;Energy-A-prof2.xml
0.821;786;;1000rounds;Yes;No;2;0.22399;0.91258;0.01022;0.41347;1.13657;GeneKing_1@74;half_Right_C01@75;0.2239900273076991;0.9125797720323537;0.2239900273076991;0.9125797720323537;0.2239900273076991;0.9125797720323537;0.0;0.0;0.2239900273076991;0.9125797720323537;Energy-A-prof1.xml;Energy-A-prof2.xml
0.780;726;;1000rounds;Yes;No;2;0.16581;0.95944;0.01022;0.48816;1.12525;GeneKing_2@76;half_Right_C01@77;0.16581467983996293;0.959437275761381;0.16581467983996293;0.959437275761381;0.16581467983996293;0.959437275761381;0.0;0.0;0.16581467983996293;0.959437275761381;Energy-A-prof1.xml;Energy-A-prof2.xml
0.978;933;;1000rounds;Yes;No;2;0.51042;0.57342;0.04480;0.07994;1.08384;GroupY_01@78;half_Right_C01@79;0.5104249096274984;0.573418347754688;0.5104249096274984;0.573418347754688;0.5104249096274984;0.573418347754688;0.0;0.0;0.5104249096274984;0.573418347754688;Energy-A-prof1.xml;Energy-A-prof2.xml
0.822;786;;1000rounds;Yes;No;2;0.22399;0.91258;0.01022;0.41347;1.13657;GroupY_1@80;half_Right_C01@81;0.2239900273076991;0.9125797720323537;0.2239900273076991;0.9125797720323537;0.2239900273076991;0.9125797720323537;0.0;0.0;0.2239900273076991;0.9125797720323537;Energy-A-prof1.xml;Energy-A-prof2.xml
0.751;726;;1000rounds;Yes;No;2;0.16581;0.95944;0.01022;0.48816;1.12525;GroupY_2@82;half_Right_C01@83;0.16581467983996293;0.959437275761381;0.16581467983996293;0.959437275761381;0.16581467983996293;0.959437275761381;0.0;0.0;0.16581467983996293;0.959437275761381;Energy-A-prof1.xml;Energy-A-prof2.xml
;1;Session genius.core.session.Session@36236783 failed: failed to construct agent : agent init<JonnyBlack_01@84,Participant[Party84,PartyRepositoryItem[JonnyBlack_01,C:\Users\M H\Desktop\myproject\myproject\bin\performance_opponents\JonnyBlack_01\JonnyBlack_01.class,ANAC2015, is mediator=false],etc/templates/anac/y2012/Energy/Energy-A-prof1.xml]> passed deadline and was killed:[C:\Users\M H\Desktop\myproject\myproject\bin\performance_opponents\JonnyBlack_01\JonnyBlack_01.class, C:\Users\M H\Desktop\myproject\myproject\bin\Benchmark_Agents\Normal_Distribution\half_Right_C01.class];1000rounds;No;;0;;;;;;JonnyBlack_01;half_Right_C01;0.0;0.0;0.0;0.0;;;;;;;Energy-A-prof1;Energy-A-prof2
;1;Session genius.core.session.Session@2a0ea5bf failed: failed to construct agent : agent init<JonnyBlack_1@86,Participant[Party86,PartyRepositoryItem[JonnyBlack_1,C:\Users\M H\Desktop\myproject\myproject\bin\performance_opponents\JonnyBlack_1\JonnyBlack_1.class,ANAC2015, is mediator=false],etc/templates/anac/y2012/Energy/Energy-A-prof1.xml]> passed deadline and was killed:[C:\Users\M H\Desktop\myproject\myproject\bin\performance_opponents\JonnyBlack_1\JonnyBlack_1.class, C:\Users\M H\Desktop\myproject\myproject\bin\Benchmark_Agents\Normal_Distribution\half_Right_C01.class];1000rounds;No;;0;;;;;;JonnyBlack_1;half_Right_C01;0.0;0.0;0.0;0.0;;;;;;;Energy-A-prof1;Energy-A-prof2
;1;Session genius.core.session.Session@196ed13f failed: failed to construct agent : agent init<JonnyBlack_2@88,Participant[Party88,PartyRepositoryItem[JonnyBlack_2,C:\Users\M H\Desktop\myproject\myproject\bin\performance_opponents\JonnyBlack_2\JonnyBlack_2.class,ANAC2015, is mediator=false],etc/templates/anac/y2012/Energy/Energy-A-prof1.xml]> passed deadline and was killed:[C:\Users\M H\Desktop\myproject\myproject\bin\performance_opponents\JonnyBlack_2\JonnyBlack_2.class, C:\Users\M H\Desktop\myproject\myproject\bin\Benchmark_Agents\Normal_Distribution\half_Right_C01.class];1000rounds;No;;0;;;;;;JonnyBlack_2;half_Right_C01;0.0;0.0;0.0;0.0;;;;;;;Energy-A-prof1;Energy-A-prof2
1.166;933;;1000rounds;Yes;No;2;0.51042;0.57342;0.04480;0.07994;1.08384;Mamenchis_01@90;half_Right_C01@91;0.5104249096274984;0.573418347754688;0.5104249096274984;0.573418347754688;0.5104249096274984;0.573418347754688;0.0;0.0;0.5104249096274984;0.573418347754688;Energy-A-prof1.xml;Energy-A-prof2.xml
1.006;786;;1000rounds;Yes;No;2;0.22399;0.91258;0.01022;0.41347;1.13657;Mamenchis_1@92;half_Right_C01@93;0.2239900273076991;0.9125797720323537;0.2239900273076991;0.9125797720323537;0.2239900273076991;0.9125797720323537;0.0;0.0;0.2239900273076991;0.9125797720323537;Energy-A-prof1.xml;Energy-A-prof2.xml
1.183;726;;1000rounds;Yes;No;2;0.16581;0.95944;0.01022;0.48816;1.12525;Mamenchis_2@94;half_Right_C01@95;0.16581467983996293;0.959437275761381;0.16581467983996293;0.959437275761381;0.16581467983996293;0.959437275761381;0.0;0.0;0.16581467983996293;0.959437275761381;Energy-A-prof1.xml;Energy-A-prof2.xml
1.123;933;;1000rounds;Yes;No;2;0.51042;0.57342;0.04480;0.07994;1.08384;Mosa_01@96;half_Right_C01@97;0.5104249096274984;0.573418347754688;0.5104249096274984;0.573418347754688;0.5104249096274984;0.573418347754688;0.0;0.0;0.5104249096274984;0.573418347754688;Energy-A-prof1.xml;Energy-A-prof2.xml
0.873;786;;1000rounds;Yes;No;2;0.22399;0.91258;0.01022;0.41347;1.13657;Mosa_1@98;half_Right_C01@99;0.2239900273076991;0.9125797720323537;0.2239900273076991;0.9125797720323537;0.2239900273076991;0.9125797720323537;0.0;0.0;0.2239900273076991;0.9125797720323537;Energy-A-prof1.xml;Energy-A-prof2.xml
0.935;726;;1000rounds;Yes;No;2;0.16581;0.95944;0.01022;0.48816;1.12525;Mosa_2@100;half_Right_C01@101;0.16581467983996293;0.959437275761381;0.16581467983996293;0.959437275761381;0.16581467983996293;0.959437275761381;0.0;0.0;0.16581467983996293;0.959437275761381;Energy-A-prof1.xml;Energy-A-prof2.xml
23.845;929;;1000rounds;Yes;No;2;0.54988;0.58737;0.00883;0.10780;1.13725;RandomDance_01@102;half_Right_C01@103;0.5873661667937524;0.549879466199611;0.5873661667937524;0.549879466199611;0.5873661667937524;0.549879466199611;0.0;0.0;0.5873661667937524;0.549879466199611;Energy-A-prof1.xml;Energy-A-prof2.xml
7.455;786;;1000rounds;Yes;No;2;0.22399;0.91258;0.01022;0.41347;1.13657;RandomDance_1@104;half_Right_C01@105;0.2239900273076991;0.9125797720323537;0.2239900273076991;0.9125797720323537;0.2239900273076991;0.9125797720323537;0.0;0.0;0.2239900273076991;0.9125797720323537;Energy-A-prof1.xml;Energy-A-prof2.xml
7.559;726;;1000rounds;Yes;No;2;0.16581;0.95944;0.01022;0.48816;1.12525;RandomDance_2@106;half_Right_C01@107;0.16581467983996293;0.959437275761381;0.16581467983996293;0.959437275761381;0.16581467983996293;0.959437275761381;0.0;0.0;0.16581467983996293;0.959437275761381;Energy-A-prof1.xml;Energy-A-prof2.xml
1079.522;841;;1000rounds;Yes;No;2;0.16262;0.82682;0.04665;0.56258;0.98945;AgentBuyogMain_c01@108;half_Right_C1@109;0.8268228029384757;0.16262322343123;0.8268228029384757;0.16262322343123;0.8268228029384757;0.16262322343123;0.0;0.0;0.8268228029384757;0.16262322343123;Energy-A-prof1.xml;Energy-A-prof2.xml
645.593;465;;1000rounds;Yes;No;2;0.53646;0.56766;0.03786;0.07972;1.10412;AgentBuyogMain_c1@110;half_Right_C1@111;0.5364634293217423;0.5676607453212047;0.5364634293217423;0.5676607453212047;0.5364634293217423;0.5676607453212047;0.0;0.0;0.5364634293217423;0.5676607453212047;Energy-A-prof1.xml;Energy-A-prof2.xml
;1;Session genius.core.session.Session@3283d6d7 failed: failed to construct agent : Execution failed of init<half_Right_C1@113,Participant[Party113,PartyRepositoryItem[half_Right_C1,C:\Users\M H\Desktop\myproject\myproject\bin\Benchmark_Agents\Normal_Distribution\half_Right_C1.class,Singly_Peaked Bidding Agent, is mediator=false],etc/templates/anac/y2012/Energy/Energy-A-prof2.xml]>:java.lang.ArrayIndexOutOfBoundsException: 1: 1:[C:\Users\M H\Desktop\myproject\myproject\bin\performance_opponents\agentBuyogV2_2\AgentBuyogMain_c2.class, C:\Users\M H\Desktop\myproject\myproject\bin\Benchmark_Agents\Normal_Distribution\half_Right_C1.class];1000rounds;No;;0;;;;;;AgentBuyogMain_c2;half_Right_C1;0.0;0.0;0.0;0.0;;;;;;;Energy-A-prof1;Energy-A-prof2
;1;Session genius.core.session.Session@6886b818 failed: failed to construct agent : Execution failed of init<half_Right_C1@115,Participant[Party115,PartyRepositoryItem[half_Right_C1,C:\Users\M H\Desktop\myproject\myproject\bin\Benchmark_Agents\Normal_Distribution\half_Right_C1.class,Singly_Peaked Bidding Agent, is mediator=false],etc/templates/anac/y2012/Energy/Energy-A-prof2.xml]>:java.lang.ArrayIndexOutOfBoundsException: 1: 1:[C:\Users\M H\Desktop\myproject\myproject\bin\performance_opponents\agenthp2_01\AgentHP2_main_01.class, C:\Users\M H\Desktop\myproject\myproject\bin\Benchmark_Agents\Normal_Distribution\half_Right_C1.class];1000rounds;No;;0;;;;;;AgentHP2_main_01;half_Right_C1;0.0;0.0;0.0;0.0;;;;;;;Energy-A-prof1;Energy-A-prof2
;1;Session genius.core.session.Session@16e1d525 failed: failed to construct agent : Execution failed of init<half_Right_C1@117,Participant[Party117,PartyRepositoryItem[half_Right_C1,C:\Users\M H\Desktop\myproject\myproject\bin\Benchmark_Agents\Normal_Distribution\half_Right_C1.class,Singly_Peaked Bidding Agent, is mediator=false],etc/templates/anac/y2012/Energy/Energy-A-prof2.xml]>:java.lang.ArrayIndexOutOfBoundsException: 1: 1:[C:\Users\M H\Desktop\myproject\myproject\bin\performance_opponents\agenthp2_1\AgentHP2_main_1.class, C:\Users\M H\Desktop\myproject\myproject\bin\Benchmark_Agents\Normal_Distribution\half_Right_C1.class];1000rounds;No;;0;;;;;;AgentHP2_main_1;half_Right_C1;0.0;0.0;0.0;0.0;;;;;;;Energy-A-prof1;Energy-A-prof2
0.700;420;;1000rounds;Yes;No;2;0.36106;0.57461;0.22767;0.22767;0.93567;AgentHP2_main_2@118;half_Right_C1@119;0.3610618641300739;0.57460733314971;0.3610618641300739;0.57460733314971;0.3610618641300739;0.57460733314971;0.0;0.0;0.3610618641300739;0.57460733314971;Energy-A-prof1.xml;Energy-A-prof2.xml
1.233;841;;1000rounds;Yes;No;2;0.16262;0.82682;0.04665;0.56258;0.98945;AgentYK_01@120;half_Right_C1@121;0.8268228029384757;0.16262322343123;0.8268228029384757;0.16262322343123;0.8268228029384757;0.16262322343123;0.0;0.0;0.8268228029384757;0.16262322343123;Energy-A-prof1.xml;Energy-A-prof2.xml
0.800;608;;1000rounds;Yes;No;2;0.39361;0.42375;0.18263;0.18263;0.81736;AgentYK_1@122;half_Right_C1@123;0.39360616249212665;0.42374894583390343;0.39360616249212665;0.42374894583390343;0.39360616249212665;0.42374894583390343;0.0;0.0;0.39360616249212665;0.42374894583390343;Energy-A-prof1.xml;Energy-A-prof2.xml
0.506;383;;1000rounds;Yes;No;2;0.38225;0.65049;0.08961;0.15888;1.03274;AgentYK_2@124;half_Right_C1@125;0.38224708023899034;0.6504929910018661;0.38224708023899034;0.6504929910018661;0.38224708023899034;0.6504929910018661;0.0;0.0;0.38224708023899034;0.6504929910018661;Energy-A-prof1.xml;Energy-A-prof2.xml
1.363;841;;1000rounds;Yes;No;2;0.16262;0.82682;0.04665;0.56258;0.98945;AgreeableAgent2018_01@126;half_Right_C1@127;0.8268228029384757;0.16262322343123;0.8268228029384757;0.16262322343123;0.8268228029384757;0.16262322343123;0.0;0.0;0.8268228029384757;0.16262322343123;Energy-A-prof1.xml;Energy-A-prof2.xml
0.679;465;;1000rounds;Yes;No;2;0.53646;0.56766;0.03786;0.07972;1.10412;AgreeableAgent2018_1@128;half_Right_C1@129;0.5364634293217423;0.5676607453212047;0.5364634293217423;0.5676607453212047;0.5364634293217423;0.5676607453212047;0.0;0.0;0.5364634293217423;0.5676607453212047;Energy-A-prof1.xml;Energy-A-prof2.xml
0.474;306;;1000rounds;Yes;No;2;0.45536;0.69630;0.01554;0.09878;1.15166;AgreeableAgent2018_2@130;half_Right_C1@131;0.45536029382841514;0.696298426626626;0.45536029382841514;0.696298426626626;0.45536029382841514;0.696298426626626;0.0;0.0;0.45536029382841514;0.696298426626626;Energy-A-prof1.xml;Energy-A-prof2.xml
0.959;841;;1000rounds;Yes;No;2;0.16262;0.82682;0.04665;0.56258;0.98945;GeneKing_01@132;half_Right_C1@133;0.8268228029384757;0.16262322343123;0.8268228029384757;0.16262322343123;0.8268228029384757;0.16262322343123;0.0;0.0;0.8268228029384757;0.16262322343123;Energy-A-prof1.xml;Energy-A-prof2.xml
0.513;465;;1000rounds;Yes;No;2;0.53646;0.56766;0.03786;0.07972;1.10412;GeneKing_1@134;half_Right_C1@135;0.5364634293217423;0.5676607453212047;0.5364634293217423;0.5676607453212047;0.5364634293217423;0.5676607453212047;0.0;0.0;0.5364634293217423;0.5676607453212047;Energy-A-prof1.xml;Energy-A-prof2.xml
0.324;306;;1000rounds;Yes;No;2;0.45536;0.69630;0.01554;0.09878;1.15166;GeneKing_2@136;half_Right_C1@137;0.45536029382841514;0.696298426626626;0.45536029382841514;0.696298426626626;0.45536029382841514;0.696298426626626;0.0;0.0;0.45536029382841514;0.696298426626626;Energy-A-prof1.xml;Energy-A-prof2.xml
0.847;841;;1000rounds;Yes;No;2;0.16262;0.82682;0.04665;0.56258;0.98945;GroupY_01@138;half_Right_C1@139;0.8268228029384757;0.16262322343123;0.8268228029384757;0.16262322343123;0.8268228029384757;0.16262322343123;0.0;0.0;0.8268228029384757;0.16262322343123;Energy-A-prof1.xml;Energy-A-prof2.xml
0.463;465;;1000rounds;Yes;No;2;0.53646;0.56766;0.03786;0.07972;1.10412;GroupY_1@140;half_Right_C1@141;0.5364634293217423;0.5676607453212047;0.5364634293217423;0.5676607453212047;0.5364634293217423;0.5676607453212047;0.0;0.0;0.5364634293217423;0.5676607453212047;Energy-A-prof1.xml;Energy-A-prof2.xml
0.434;306;;1000rounds;Yes;No;2;0.45536;0.69630;0.01554;0.09878;1.15166;GroupY_2@142;half_Right_C1@143;0.45536029382841514;0.696298426626626;0.45536029382841514;0.696298426626626;0.45536029382841514;0.696298426626626;0.0;0.0;0.45536029382841514;0.696298426626626;Energy-A-prof1.xml;Energy-A-prof2.xml
;1;Session genius.core.session.Session@33cc026 failed: failed to construct agent : agent init<JonnyBlack_01@144,Participant[Party144,PartyRepositoryItem[JonnyBlack_01,C:\Users\M H\Desktop\myproject\myproject\bin\performance_opponents\JonnyBlack_01\JonnyBlack_01.class,ANAC2015, is mediator=false],etc/templates/anac/y2012/Energy/Energy-A-prof1.xml]> passed deadline and was killed:[C:\Users\M H\Desktop\myproject\myproject\bin\performance_opponents\JonnyBlack_01\JonnyBlack_01.class, C:\Users\M H\Desktop\myproject\myproject\bin\Benchmark_Agents\Normal_Distribution\half_Right_C1.class];1000rounds;No;;0;;;;;;JonnyBlack_01;half_Right_C1;0.0;0.0;0.0;0.0;;;;;;;Energy-A-prof1;Energy-A-prof2
;1;Session genius.core.session.Session@4377caae failed: failed to construct agent : agent init<JonnyBlack_1@146,Participant[Party146,PartyRepositoryItem[JonnyBlack_1,C:\Users\M H\Desktop\myproject\myproject\bin\performance_opponents\JonnyBlack_1\JonnyBlack_1.class,ANAC2015, is mediator=false],etc/templates/anac/y2012/Energy/Energy-A-prof1.xml]> passed deadline and was killed:[C:\Users\M H\Desktop\myproject\myproject\bin\performance_opponents\JonnyBlack_1\JonnyBlack_1.class, C:\Users\M H\Desktop\myproject\myproject\bin\Benchmark_Agents\Normal_Distribution\half_Right_C1.class];1000rounds;No;;0;;;;;;JonnyBlack_1;half_Right_C1;0.0;0.0;0.0;0.0;;;;;;;Energy-A-prof1;Energy-A-prof2
;1;Session genius.core.session.Session@4da2f5aa failed: failed to construct agent : agent init<JonnyBlack_2@148,Participant[Party148,PartyRepositoryItem[JonnyBlack_2,C:\Users\M H\Desktop\myproject\myproject\bin\performance_opponents\JonnyBlack_2\JonnyBlack_2.class,ANAC2015, is mediator=false],etc/templates/anac/y2012/Energy/Energy-A-prof1.xml]> passed deadline and was killed:[C:\Users\M H\Desktop\myproject\myproject\bin\performance_opponents\JonnyBlack_2\JonnyBlack_2.class, C:\Users\M H\Desktop\myproject\myproject\bin\Benchmark_Agents\Normal_Distribution\half_Right_C1.class];1000rounds;No;;0;;;;;;JonnyBlack_2;half_Right_C1;0.0;0.0;0.0;0.0;;;;;;;Energy-A-prof1;Energy-A-prof2
1.250;841;;1000rounds;Yes;No;2;0.16262;0.82682;0.04665;0.56258;0.98945;Mamenchis_01@150;half_Right_C1@151;0.8268228029384757;0.16262322343123;0.8268228029384757;0.16262322343123;0.8268228029384757;0.16262322343123;0.0;0.0;0.8268228029384757;0.16262322343123;Energy-A-prof1.xml;Energy-A-prof2.xml
0.681;465;;1000rounds;Yes;No;2;0.53646;0.56766;0.03786;0.07972;1.10412;Mamenchis_1@152;half_Right_C1@153;0.5364634293217423;0.5676607453212047;0.5364634293217423;0.5676607453212047;0.5364634293217423;0.5676607453212047;0.0;0.0;0.5364634293217423;0.5676607453212047;Energy-A-prof1.xml;Energy-A-prof2.xml
0.352;306;;1000rounds;Yes;No;2;0.45536;0.69630;0.01554;0.09878;1.15166;Mamenchis_2@154;half_Right_C1@155;0.45536029382841514;0.696298426626626;0.45536029382841514;0.696298426626626;0.45536029382841514;0.696298426626626;0.0;0.0;0.45536029382841514;0.696298426626626;Energy-A-prof1.xml;Energy-A-prof2.xml
0.868;841;;1000rounds;Yes;No;2;0.16262;0.82682;0.04665;0.56258;0.98945;Mosa_01@156;half_Right_C1@157;0.8268228029384757;0.16262322343123;0.8268228029384757;0.16262322343123;0.8268228029384757;0.16262322343123;0.0;0.0;0.8268228029384757;0.16262322343123;Energy-A-prof1.xml;Energy-A-prof2.xml
0.462;465;;1000rounds;Yes;No;2;0.53646;0.56766;0.03786;0.07972;1.10412;Mosa_1@158;half_Right_C1@159;0.5364634293217423;0.5676607453212047;0.5364634293217423;0.5676607453212047;0.5364634293217423;0.5676607453212047;0.0;0.0;0.5364634293217423;0.5676607453212047;Energy-A-prof1.xml;Energy-A-prof2.xml
0.309;306;;1000rounds;Yes;No;2;0.45536;0.69630;0.01554;0.09878;1.15166;Mosa_2@160;half_Right_C1@161;0.45536029382841514;0.696298426626626;0.45536029382841514;0.696298426626626;0.45536029382841514;0.696298426626626;0.0;0.0;0.45536029382841514;0.696298426626626;Energy-A-prof1.xml;Energy-A-prof2.xml
23.751;842;;1000rounds;Yes;No;2;0.24866;0.82773;0.00421;0.49095;1.07639;RandomDance_01@162;half_Right_C1@163;0.8277295578751827;0.24866036888422585;0.8277295578751827;0.24866036888422585;0.8277295578751827;0.24866036888422585;0.0;0.0;0.8277295578751827;0.24866036888422585;Energy-A-prof1.xml;Energy-A-prof2.xml
8.969;452;;1000rounds;Yes;No;2;0.54988;0.58737;0.00883;0.10780;1.13725;RandomDance_1@164;half_Right_C1@165;0.5873661667937524;0.549879466199611;0.5873661667937524;0.549879466199611;0.5873661667937524;0.549879466199611;0.0;0.0;0.5873661667937524;0.549879466199611;Energy-A-prof1.xml;Energy-A-prof2.xml
9.094;303;;1000rounds;Yes;No;2;0.45653;0.71708;0.00000;0.10967;1.17361;RandomDance_2@166;half_Right_C1@167;0.4565304205666267;0.7170805332430724;0.4565304205666267;0.7170805332430724;0.4565304205666267;0.7170805332430724;0.0;0.0;0.4565304205666267;0.7170805332430724;Energy-A-prof1.xml;Energy-A-prof2.xml
998.816;777;;1000rounds;Yes;No;2;0.13891;0.92171;0.00146;0.63504;1.06061;AgentBuyogMain_c01@168;half_Right_C2@169;0.9217052792924738;0.13890534158185955;0.9217052792924738;0.13890534158185955;0.9217052792924738;0.13890534158185955;0.0;0.0;0.9217052792924738;0.13890534158185955;Energy-A-prof1.xml;Energy-A-prof2.xml
490.868;386;;1000rounds;Yes;No;2;0.39340;0.61539;0.08228;0.26449;1.00879;AgentBuyogMain_c1@170;half_Right_C2@171;0.6153856949223948;0.39340358716533735;0.6153856949223948;0.39340358716533735;0.6153856949223948;0.39340358716533735;0.0;0.0;0.6153856949223948;0.39340358716533735;Energy-A-prof1.xml;Energy-A-prof2.xml
261.836;212;;1000rounds;Yes;No;2;0.54197;0.55235;0.03981;0.10588;1.09432;AgentBuyogMain_c2@172;half_Right_C2@173;0.5523533133519404;0.5419686751579637;0.5523533133519404;0.5419686751579637;0.5523533133519404;0.5419686751579637;0.0;0.0;0.5523533133519404;0.5419686751579637;Energy-A-prof1.xml;Energy-A-prof2.xml
0.961;777;;1000rounds;Yes;No;2;0.13891;0.92171;0.00146;0.63504;1.06061;AgentHP2_main_01@174;half_Right_C2@175;0.9217052792924738;0.13890534158185955;0.9217052792924738;0.13890534158185955;0.9217052792924738;0.13890534158185955;0.0;0.0;0.9217052792924738;0.13890534158185955;Energy-A-prof1.xml;Energy-A-prof2.xml
0.399;386;;1000rounds;Yes;No;2;0.39340;0.61539;0.08228;0.26449;1.00879;AgentHP2_main_1@176;half_Right_C2@177;0.6153856949223948;0.39340358716533735;0.6153856949223948;0.39340358716533735;0.6153856949223948;0.39340358716533735;0.0;0.0;0.6153856949223948;0.39340358716533735;Energy-A-prof1.xml;Energy-A-prof2.xml
0.220;212;;1000rounds;Yes;No;2;0.54197;0.55235;0.03981;0.10588;1.09432;AgentHP2_main_2@178;half_Right_C2@179;0.5523533133519404;0.5419686751579637;0.5523533133519404;0.5419686751579637;0.5523533133519404;0.5419686751579637;0.0;0.0;0.5523533133519404;0.5419686751579637;Energy-A-prof1.xml;Energy-A-prof2.xml
0.872;777;;1000rounds;Yes;No;2;0.13891;0.92171;0.00146;0.63504;1.06061;AgentYK_01@180;half_Right_C2@181;0.9217052792924738;0.13890534158185955;0.9217052792924738;0.13890534158185955;0.9217052792924738;0.13890534158185955;0.0;0.0;0.9217052792924738;0.13890534158185955;Energy-A-prof1.xml;Energy-A-prof2.xml
0.438;386;;1000rounds;Yes;No;2;0.39340;0.61539;0.08228;0.26449;1.00879;AgentYK_1@182;half_Right_C2@183;0.6153856949223948;0.39340358716533735;0.6153856949223948;0.39340358716533735;0.6153856949223948;0.39340358716533735;0.0;0.0;0.6153856949223948;0.39340358716533735;Energy-A-prof1.xml;Energy-A-prof2.xml
0.267;249;;1000rounds;Yes;No;2;0.50225;0.52703;0.08765;0.12634;1.02928;AgentYK_2@184;half_Right_C2@185;0.5022521599188452;0.527027718226574;0.5022521599188452;0.527027718226574;0.5022521599188452;0.527027718226574;0.0;0.0;0.5022521599188452;0.527027718226574;Energy-A-prof1.xml;Energy-A-prof2.xml
0.871;777;;1000rounds;Yes;No;2;0.13891;0.92171;0.00146;0.63504;1.06061;AgreeableAgent2018_01@186;half_Right_C2@187;0.9217052792924738;0.13890534158185955;0.9217052792924738;0.13890534158185955;0.9217052792924738;0.13890534158185955;0.0;0.0;0.9217052792924738;0.13890534158185955;Energy-A-prof1.xml;Energy-A-prof2.xml
0.551;386;;1000rounds;Yes;No;2;0.39340;0.61539;0.08228;0.26449;1.00879;AgreeableAgent2018_1@188;half_Right_C2@189;0.6153856949223948;0.39340358716533735;0.6153856949223948;0.39340358716533735;0.6153856949223948;0.39340358716533735;0.0;0.0;0.6153856949223948;0.39340358716533735;Energy-A-prof1.xml;Energy-A-prof2.xml
0.223;212;;1000rounds;Yes;No;2;0.54197;0.55235;0.03981;0.10588;1.09432;AgreeableAgent2018_2@190;half_Right_C2@191;0.5523533133519404;0.5419686751579637;0.5523533133519404;0.5419686751579637;0.5523533133519404;0.5419686751579637;0.0;0.0;0.5523533133519404;0.5419686751579637;Energy-A-prof1.xml;Energy-A-prof2.xml
0.788;777;;1000rounds;Yes;No;2;0.13891;0.92171;0.00146;0.63504;1.06061;GeneKing_01@192;half_Right_C2@193;0.9217052792924738;0.13890534158185955;0.9217052792924738;0.13890534158185955;0.9217052792924738;0.13890534158185955;0.0;0.0;0.9217052792924738;0.13890534158185955;Energy-A-prof1.xml;Energy-A-prof2.xml
0.360;386;;1000rounds;Yes;No;2;0.39340;0.61539;0.08228;0.26449;1.00879;GeneKing_1@194;half_Right_C2@195;0.6153856949223948;0.39340358716533735;0.6153856949223948;0.39340358716533735;0.6153856949223948;0.39340358716533735;0.0;0.0;0.6153856949223948;0.39340358716533735;Energy-A-prof1.xml;Energy-A-prof2.xml
0.194;212;;1000rounds;Yes;No;2;0.54197;0.55235;0.03981;0.10588;1.09432;GeneKing_2@196;half_Right_C2@197;0.5523533133519404;0.5419686751579637;0.5523533133519404;0.5419686751579637;0.5523533133519404;0.5419686751579637;0.0;0.0;0.5523533133519404;0.5419686751579637;Energy-A-prof1.xml;Energy-A-prof2.xml
1.119;777;;1000rounds;Yes;No;2;0.13891;0.92171;0.00146;0.63504;1.06061;GroupY_01@198;half_Right_C2@199;0.9217052792924738;0.13890534158185955;0.9217052792924738;0.13890534158185955;0.9217052792924738;0.13890534158185955;0.0;0.0;0.9217052792924738;0.13890534158185955;Energy-A-prof1.xml;Energy-A-prof2.xml
0.401;386;;1000rounds;Yes;No;2;0.39340;0.61539;0.08228;0.26449;1.00879;GroupY_1@200;half_Right_C2@201;0.6153856949223948;0.39340358716533735;0.6153856949223948;0.39340358716533735;0.6153856949223948;0.39340358716533735;0.0;0.0;0.6153856949223948;0.39340358716533735;Energy-A-prof1.xml;Energy-A-prof2.xml
0.235;212;;1000rounds;Yes;No;2;0.54197;0.55235;0.03981;0.10588;1.09432;GroupY_2@202;half_Right_C2@203;0.5523533133519404;0.5419686751579637;0.5523533133519404;0.5419686751579637;0.5523533133519404;0.5419686751579637;0.0;0.0;0.5523533133519404;0.5419686751579637;Energy-A-prof1.xml;Energy-A-prof2.xml
;1;Session genius.core.session.Session@7e5e538c failed: failed to construct agent : agent init<JonnyBlack_01@204,Participant[Party204,PartyRepositoryItem[JonnyBlack_01,C:\Users\M H\Desktop\myproject\myproject\bin\performance_opponents\JonnyBlack_01\JonnyBlack_01.class,ANAC2015, is mediator=false],etc/templates/anac/y2012/Energy/Energy-A-prof1.xml]> passed deadline and was killed:[C:\Users\M H\Desktop\myproject\myproject\bin\performance_opponents\JonnyBlack_01\JonnyBlack_01.class, C:\Users\M H\Desktop\myproject\myproject\bin\Benchmark_Agents\Normal_Distribution\half_Right_C2.class];1000rounds;No;;0;;;;;;JonnyBlack_01;half_Right_C2;0.0;0.0;0.0;0.0;;;;;;;Energy-A-prof1;Energy-A-prof2
;1;Session genius.core.session.Session@140dcf8 failed: failed to construct agent : agent init<JonnyBlack_1@206,Participant[Party206,PartyRepositoryItem[JonnyBlack_1,C:\Users\M H\Desktop\myproject\myproject\bin\performance_opponents\JonnyBlack_1\JonnyBlack_1.class,ANAC2015, is mediator=false],etc/templates/anac/y2012/Energy/Energy-A-prof1.xml]> passed deadline and was killed:[C:\Users\M H\Desktop\myproject\myproject\bin\performance_opponents\JonnyBlack_1\JonnyBlack_1.class, C:\Users\M H\Desktop\myproject\myproject\bin\Benchmark_Agents\Normal_Distribution\half_Right_C2.class];1000rounds;No;;0;;;;;;JonnyBlack_1;half_Right_C2;0.0;0.0;0.0;0.0;;;;;;;Energy-A-prof1;Energy-A-prof2
;1;Session genius.core.session.Session@314e27ee failed: failed to construct agent : agent init<JonnyBlack_2@208,Participant[Party208,PartyRepositoryItem[JonnyBlack_2,C:\Users\M H\Desktop\myproject\myproject\bin\performance_opponents\JonnyBlack_2\JonnyBlack_2.class,ANAC2015, is mediator=false],etc/templates/anac/y2012/Energy/Energy-A-prof1.xml]> passed deadline and was killed:[C:\Users\M H\Desktop\myproject\myproject\bin\performance_opponents\JonnyBlack_2\JonnyBlack_2.class, C:\Users\M H\Desktop\myproject\myproject\bin\Benchmark_Agents\Normal_Distribution\half_Right_C2.class];1000rounds;No;;0;;;;;;JonnyBlack_2;half_Right_C2;0.0;0.0;0.0;0.0;;;;;;;Energy-A-prof1;Energy-A-prof2
0.791;777;;1000rounds;Yes;No;2;0.13891;0.92171;0.00146;0.63504;1.06061;Mamenchis_01@210;half_Right_C2@211;0.9217052792924738;0.13890534158185955;0.9217052792924738;0.13890534158185955;0.9217052792924738;0.13890534158185955;0.0;0.0;0.9217052792924738;0.13890534158185955;Energy-A-prof1.xml;Energy-A-prof2.xml
0.397;386;;1000rounds;Yes;No;2;0.39340;0.61539;0.08228;0.26449;1.00879;Mamenchis_1@212;half_Right_C2@213;0.6153856949223948;0.39340358716533735;0.6153856949223948;0.39340358716533735;0.6153856949223948;0.39340358716533735;0.0;0.0;0.6153856949223948;0.39340358716533735;Energy-A-prof1.xml;Energy-A-prof2.xml
0.210;212;;1000rounds;Yes;No;2;0.54197;0.55235;0.03981;0.10588;1.09432;Mamenchis_2@214;half_Right_C2@215;0.5523533133519404;0.5419686751579637;0.5523533133519404;0.5419686751579637;0.5523533133519404;0.5419686751579637;0.0;0.0;0.5523533133519404;0.5419686751579637;Energy-A-prof1.xml;Energy-A-prof2.xml
0.838;777;;1000rounds;Yes;No;2;0.13891;0.92171;0.00146;0.63504;1.06061;Mosa_01@216;half_Right_C2@217;0.9217052792924738;0.13890534158185955;0.9217052792924738;0.13890534158185955;0.9217052792924738;0.13890534158185955;0.0;0.0;0.9217052792924738;0.13890534158185955;Energy-A-prof1.xml;Energy-A-prof2.xml
0.416;386;;1000rounds;Yes;No;2;0.39340;0.61539;0.08228;0.26449;1.00879;Mosa_1@218;half_Right_C2@219;0.6153856949223948;0.39340358716533735;0.6153856949223948;0.39340358716533735;0.6153856949223948;0.39340358716533735;0.0;0.0;0.6153856949223948;0.39340358716533735;Energy-A-prof1.xml;Energy-A-prof2.xml
0.224;212;;1000rounds;Yes;No;2;0.54197;0.55235;0.03981;0.10588;1.09432;Mosa_2@220;half_Right_C2@221;0.5523533133519404;0.5419686751579637;0.5523533133519404;0.5419686751579637;0.5523533133519404;0.5419686751579637;0.0;0.0;0.5523533133519404;0.5419686751579637;Energy-A-prof1.xml;Energy-A-prof2.xml
27.638;767;;1000rounds;Yes;No;2;0.13846;0.93191;0.00000;0.64156;1.07038;RandomDance_01@222;half_Right_C2@223;0.9319146757157413;0.13846342839798037;0.9319146757157413;0.13846342839798037;0.9319146757157413;0.13846342839798037;0.0;0.0;0.9319146757157413;0.13846342839798037;Energy-A-prof1.xml;Energy-A-prof2.xml
6.352;320;;1000rounds;Yes;No;2;0.44012;0.68134;0.00146;0.25014;1.12147;RandomDance_1@224;half_Right_C2@225;0.6813418882110436;0.4401244388972447;0.6813418882110436;0.4401244388972447;0.6813418882110436;0.4401244388972447;0.0;0.0;0.6813418882110436;0.4401244388972447;Energy-A-prof1.xml;Energy-A-prof2.xml
6.466;211;;1000rounds;Yes;No;2;0.55053;0.55652;0.03082;0.09794;1.10706;RandomDance_2@226;half_Right_C2@227;0.556524553295572;0.5505307200487725;0.556524553295572;0.5505307200487725;0.556524553295572;0.5505307200487725;0.0;0.0;0.556524553295572;0.5505307200487725;Energy-A-prof1.xml;Energy-A-prof2.xml
1282.350;1001;;1000rounds;No;No;1;0.00000;0.00000;0.80738;0.84363;0.00000;AgentBuyogMain_c01@228;half_Right_N05@229;0.0;0.0;0.0;0.0;0.0;0.0;0.0;0.0;0.0;0.0;Energy-A-prof1.xml;Energy-A-prof2.xml
969.775;727;;1000rounds;Yes;No;2;0.28797;0.86203;0.00000;0.33197;1.15000;AgentBuyogMain_c1@230;half_Right_N05@231;0.2879713824263436;0.8620321794772142;0.2879713824263436;0.8620321794772142;0.2879713824263436;0.8620321794772142;0.0;0.0;0.2879713824263436;0.8620321794772142;Energy-A-prof1.xml;Energy-A-prof2.xml
417.924;337;;1000rounds;Yes;No;2;0.43650;0.66733;0.03337;0.10651;1.10382;AgentBuyogMain_c2@232;half_Right_N05@233;0.4364975322930128;0.6673259996315329;0.4364975322930128;0.6673259996315329;0.4364975322930128;0.6673259996315329;0.0;0.0;0.4364975322930128;0.6673259996315329;Energy-A-prof1.xml;Energy-A-prof2.xml
1.126;1001;;1000rounds;No;No;1;0.00000;0.00000;0.80738;0.84363;0.00000;AgentHP2_main_01@234;half_Right_N05@235;0.0;0.0;0.0;0.0;0.0;0.0;0.0;0.0;0.0;0.0;Energy-A-prof1.xml;Energy-A-prof2.xml
0.801;727;;1000rounds;Yes;No;2;0.28797;0.86203;0.00000;0.33197;1.15000;AgentHP2_main_1@236;half_Right_N05@237;0.2879713824263436;0.8620321794772142;0.2879713824263436;0.8620321794772142;0.2879713824263436;0.8620321794772142;0.0;0.0;0.2879713824263436;0.8620321794772142;Energy-A-prof1.xml;Energy-A-prof2.xml
0.420;337;;1000rounds;Yes;No;2;0.43650;0.66733;0.03337;0.10651;1.10382;AgentHP2_main_2@238;half_Right_N05@239;0.4364975322930128;0.6673259996315329;0.4364975322930128;0.6673259996315329;0.4364975322930128;0.6673259996315329;0.0;0.0;0.4364975322930128;0.6673259996315329;Energy-A-prof1.xml;Energy-A-prof2.xml
1.020;1001;;1000rounds;No;No;1;0.00000;0.00000;0.80738;0.84363;0.00000;AgentYK_01@240;half_Right_N05@241;0.0;0.0;0.0;0.0;0.0;0.0;0.0;0.0;0.0;0.0;Energy-A-prof1.xml;Energy-A-prof2.xml
1.160;919;;1000rounds;Yes;No;2;0.08291;0.96453;0.09328;0.55732;1.04744;AgentYK_1@242;half_Right_N05@243;0.08290733991998146;0.9645328393820829;0.08290733991998146;0.9645328393820829;0.08290733991998146;0.9645328393820829;0.0;0.0;0.08290733991998146;0.9645328393820829;Energy-A-prof1.xml;Energy-A-prof2.xml
0.671;466;;1000rounds;Yes;No;2;0.31843;0.73642;0.06935;0.23986;1.05485;AgentYK_2@244;half_Right_N05@245;0.3184293019260412;0.7364172137096953;0.3184293019260412;0.7364172137096953;0.3184293019260412;0.7364172137096953;0.0;0.0;0.3184293019260412;0.7364172137096953;Energy-A-prof1.xml;Energy-A-prof2.xml
1.741;1001;;1000rounds;No;No;1;0.00000;0.00000;0.80738;0.84363;0.00000;AgreeableAgent2018_01@246;half_Right_N05@247;0.0;0.0;0.0;0.0;0.0;0.0;0.0;0.0;0.0;0.0;Energy-A-prof1.xml;Energy-A-prof2.xml
1.487;727;;1000rounds;Yes;No;2;0.28797;0.86203;0.00000;0.33197;1.15000;AgreeableAgent2018_1@248;half_Right_N05@249;0.2879713824263436;0.8620321794772142;0.2879713824263436;0.8620321794772142;0.2879713824263436;0.8620321794772142;0.0;0.0;0.2879713824263436;0.8620321794772142;Energy-A-prof1.xml;Energy-A-prof2.xml
0.552;337;;1000rounds;Yes;No;2;0.43650;0.66733;0.03337;0.10651;1.10382;AgreeableAgent2018_2@250;half_Right_N05@251;0.4364975322930128;0.6673259996315329;0.4364975322930128;0.6673259996315329;0.4364975322930128;0.6673259996315329;0.0;0.0;0.4364975322930128;0.6673259996315329;Energy-A-prof1.xml;Energy-A-prof2.xml
2.064;1001;;1000rounds;No;No;1;0.00000;0.00000;0.80738;0.84363;0.00000;GeneKing_01@252;half_Right_N05@253;0.0;0.0;0.0;0.0;0.0;0.0;0.0;0.0;0.0;0.0;Energy-A-prof1.xml;Energy-A-prof2.xml
1.452;727;;1000rounds;Yes;No;2;0.28797;0.86203;0.00000;0.33197;1.15000;GeneKing_1@254;half_Right_N05@255;0.2879713824263436;0.8620321794772142;0.2879713824263436;0.8620321794772142;0.2879713824263436;0.8620321794772142;0.0;0.0;0.2879713824263436;0.8620321794772142;Energy-A-prof1.xml;Energy-A-prof2.xml
0.473;337;;1000rounds;Yes;No;2;0.43650;0.66733;0.03337;0.10651;1.10382;GeneKing_2@256;half_Right_N05@257;0.4364975322930128;0.6673259996315329;0.4364975322930128;0.6673259996315329;0.4364975322930128;0.6673259996315329;0.0;0.0;0.4364975322930128;0.6673259996315329;Energy-A-prof1.xml;Energy-A-prof2.xml
1.149;1001;;1000rounds;No;No;1;0.00000;0.00000;0.80738;0.84363;0.00000;GroupY_01@258;half_Right_N05@259;0.0;0.0;0.0;0.0;0.0;0.0;0.0;0.0;0.0;0.0;Energy-A-prof1.xml;Energy-A-prof2.xml
0.745;727;;1000rounds;Yes;No;2;0.28797;0.86203;0.00000;0.33197;1.15000;GroupY_1@260;half_Right_N05@261;0.2879713824263436;0.8620321794772142;0.2879713824263436;0.8620321794772142;0.2879713824263436;0.8620321794772142;0.0;0.0;0.2879713824263436;0.8620321794772142;Energy-A-prof1.xml;Energy-A-prof2.xml
0.339;337;;1000rounds;Yes;No;2;0.43650;0.66733;0.03337;0.10651;1.10382;GroupY_2@262;half_Right_N05@263;0.4364975322930128;0.6673259996315329;0.4364975322930128;0.6673259996315329;0.4364975322930128;0.6673259996315329;0.0;0.0;0.4364975322930128;0.6673259996315329;Energy-A-prof1.xml;Energy-A-prof2.xml
;1;Session genius.core.session.Session@7dbe5ae failed: failed to construct agent : agent init<JonnyBlack_01@264,Participant[Party264,PartyRepositoryItem[JonnyBlack_01,C:\Users\M H\Desktop\myproject\myproject\bin\performance_opponents\JonnyBlack_01\JonnyBlack_01.class,ANAC2015, is mediator=false],etc/templates/anac/y2012/Energy/Energy-A-prof1.xml]> passed deadline and was killed:[C:\Users\M H\Desktop\myproject\myproject\bin\performance_opponents\JonnyBlack_01\JonnyBlack_01.class, C:\Users\M H\Desktop\myproject\myproject\bin\Benchmark_Agents\Normal_Distribution\half_Right_N05.class];1000rounds;No;;0;;;;;;JonnyBlack_01;half_Right_N05;0.0;0.0;0.0;0.0;;;;;;;Energy-A-prof1;Energy-A-prof2
;1;Session genius.core.session.Session@7378e1f3 failed: failed to construct agent : agent init<JonnyBlack_1@266,Participant[Party266,PartyRepositoryItem[JonnyBlack_1,C:\Users\M H\Desktop\myproject\myproject\bin\performance_opponents\JonnyBlack_1\JonnyBlack_1.class,ANAC2015, is mediator=false],etc/templates/anac/y2012/Energy/Energy-A-prof1.xml]> passed deadline and was killed:[C:\Users\M H\Desktop\myproject\myproject\bin\performance_opponents\JonnyBlack_1\JonnyBlack_1.class, C:\Users\M H\Desktop\myproject\myproject\bin\Benchmark_Agents\Normal_Distribution\half_Right_N05.class];1000rounds;No;;0;;;;;;JonnyBlack_1;half_Right_N05;0.0;0.0;0.0;0.0;;;;;;;Energy-A-prof1;Energy-A-prof2
;1;Session genius.core.session.Session@5f8d82f6 failed: failed to construct agent : agent init<JonnyBlack_2@268,Participant[Party268,PartyRepositoryItem[JonnyBlack_2,C:\Users\M H\Desktop\myproject\myproject\bin\performance_opponents\JonnyBlack_2\JonnyBlack_2.class,ANAC2015, is mediator=false],etc/templates/anac/y2012/Energy/Energy-A-prof1.xml]> passed deadline and was killed:[C:\Users\M H\Desktop\myproject\myproject\bin\performance_opponents\JonnyBlack_2\JonnyBlack_2.class, C:\Users\M H\Desktop\myproject\myproject\bin\Benchmark_Agents\Normal_Distribution\half_Right_N05.class];1000rounds;No;;0;;;;;;JonnyBlack_2;half_Right_N05;0.0;0.0;0.0;0.0;;;;;;;Energy-A-prof1;Energy-A-prof2
2.141;1001;;1000rounds;No;No;1;0.00000;0.00000;0.80738;0.84363;0.00000;Mamenchis_01@270;half_Right_N05@271;0.0;0.0;0.0;0.0;0.0;0.0;0.0;0.0;0.0;0.0;Energy-A-prof1.xml;Energy-A-prof2.xml
1.453;727;;1000rounds;Yes;No;2;0.28797;0.86203;0.00000;0.33197;1.15000;Mamenchis_1@272;half_Right_N05@273;0.2879713824263436;0.8620321794772142;0.2879713824263436;0.8620321794772142;0.2879713824263436;0.8620321794772142;0.0;0.0;0.2879713824263436;0.8620321794772142;Energy-A-prof1.xml;Energy-A-prof2.xml
0.480;337;;1000rounds;Yes;No;2;0.43650;0.66733;0.03337;0.10651;1.10382;Mamenchis_2@274;half_Right_N05@275;0.4364975322930128;0.6673259996315329;0.4364975322930128;0.6673259996315329;0.4364975322930128;0.6673259996315329;0.0;0.0;0.4364975322930128;0.6673259996315329;Energy-A-prof1.xml;Energy-A-prof2.xml
2.058;1001;;1000rounds;No;No;1;0.00000;0.00000;0.80738;0.84363;0.00000;Mosa_01@276;half_Right_N05@277;0.0;0.0;0.0;0.0;0.0;0.0;0.0;0.0;0.0;0.0;Energy-A-prof1.xml;Energy-A-prof2.xml
1.444;727;;1000rounds;Yes;No;2;0.28797;0.86203;0.00000;0.33197;1.15000;Mosa_1@278;half_Right_N05@279;0.2879713824263436;0.8620321794772142;0.2879713824263436;0.8620321794772142;0.2879713824263436;0.8620321794772142;0.0;0.0;0.2879713824263436;0.8620321794772142;Energy-A-prof1.xml;Energy-A-prof2.xml
0.468;337;;1000rounds;Yes;No;2;0.43650;0.66733;0.03337;0.10651;1.10382;Mosa_2@280;half_Right_N05@281;0.4364975322930128;0.6673259996315329;0.4364975322930128;0.6673259996315329;0.4364975322930128;0.6673259996315329;0.0;0.0;0.4364975322930128;0.6673259996315329;Energy-A-prof1.xml;Energy-A-prof2.xml
37.412;1001;;1000rounds;No;No;1;0.00000;0.00000;0.80738;0.84363;0.00000;RandomDance_01@282;half_Right_N05@283;0.0;0.0;0.0;0.0;0.0;0.0;0.0;0.0;0.0;0.0;Energy-A-prof1.xml;Energy-A-prof2.xml
10.704;727;;1000rounds;Yes;No;2;0.28797;0.86203;0.00000;0.33197;1.15000;RandomDance_1@284;half_Right_N05@285;0.2879713824263436;0.8620321794772142;0.2879713824263436;0.8620321794772142;0.2879713824263436;0.8620321794772142;0.0;0.0;0.2879713824263436;0.8620321794772142;Energy-A-prof1.xml;Energy-A-prof2.xml
9.608;256;;1000rounds;Yes;No;2;0.50800;0.65203;0.00000;0.03344;1.16003;RandomDance_2@286;half_Right_N05@287;0.5080006068236204;0.6520287025000261;0.5080006068236204;0.6520287025000261;0.5080006068236204;0.6520287025000261;0.0;0.0;0.5080006068236204;0.6520287025000261;Energy-A-prof1.xml;Energy-A-prof2.xml
1355.490;1001;;1000rounds;No;No;1;0.00000;0.00000;0.80738;0.84363;0.00000;AgentBuyogMain_c01@288;half_Right_N025@289;0.0;0.0;0.0;0.0;0.0;0.0;0.0;0.0;0.0;0.0;Energy-A-prof1.xml;Energy-A-prof2.xml
836.047;608;;1000rounds;Yes;No;2;0.40701;0.70406;0.03798;0.14562;1.11107;AgentBuyogMain_c1@290;half_Right_N025@291;0.40700944442961207;0.7040561873579113;0.40700944442961207;0.7040561873579113;0.40700944442961207;0.7040561873579113;0.0;0.0;0.40700944442961207;0.7040561873579113;Energy-A-prof1.xml;Energy-A-prof2.xml
739.961;85;;1000rounds;Yes;No;2;0.31642;0.71032;0.05776;0.37160;1.02673;AgentBuyogMain_c2@292;half_Right_N025@293;0.7103175435806961;0.31641610999855935;0.7103175435806961;0.31641610999855935;0.7103175435806961;0.31641610999855935;0.0;0.0;0.7103175435806961;0.31641610999855935;Energy-A-prof1.xml;Energy-A-prof2.xml
1.800;1001;;1000rounds;No;No;1;0.00000;0.00000;0.80738;0.84363;0.00000;AgentHP2_main_01@294;half_Right_N025@295;0.0;0.0;0.0;0.0;0.0;0.0;0.0;0.0;0.0;0.0;Energy-A-prof1.xml;Energy-A-prof2.xml
1.021;608;;1000rounds;Yes;No;2;0.40701;0.70406;0.03798;0.14562;1.11107;AgentHP2_main_1@296;half_Right_N025@297;0.40700944442961207;0.7040561873579113;0.40700944442961207;0.7040561873579113;0.40700944442961207;0.7040561873579113;0.0;0.0;0.40700944442961207;0.7040561873579113;Energy-A-prof1.xml;Energy-A-prof2.xml
0.124;85;;1000rounds;Yes;No;2;0.31642;0.71032;0.05776;0.37160;1.02673;AgentHP2_main_2@298;half_Right_N025@299;0.7103175435806961;0.31641610999855935;0.7103175435806961;0.31641610999855935;0.7103175435806961;0.31641610999855935;0.0;0.0;0.7103175435806961;0.31641610999855935;Energy-A-prof1.xml;Energy-A-prof2.xml
1.542;1001;;1000rounds;No;No;1;0.00000;0.00000;0.80738;0.84363;0.00000;AgentYK_01@300;half_Right_N025@301;0.0;0.0;0.0;0.0;0.0;0.0;0.0;0.0;0.0;0.0;Energy-A-prof1.xml;Energy-A-prof2.xml
0.924;614;;1000rounds;Yes;No;2;0.38761;0.74946;0.01834;0.18440;1.13707;AgentYK_1@302;half_Right_N025@303;0.38761230756207243;0.7494602021153925;0.38761230756207243;0.7494602021153925;0.38761230756207243;0.7494602021153925;0.0;0.0;0.38761230756207243;0.7494602021153925;Energy-A-prof1.xml;Energy-A-prof2.xml
0.127;85;;1000rounds;Yes;No;2;0.31642;0.71032;0.05776;0.37160;1.02673;AgentYK_2@304;half_Right_N025@305;0.7103175435806961;0.31641610999855935;0.7103175435806961;0.31641610999855935;0.7103175435806961;0.31641610999855935;0.0;0.0;0.7103175435806961;0.31641610999855935;Energy-A-prof1.xml;Energy-A-prof2.xml
1.088;1001;;1000rounds;No;No;1;0.00000;0.00000;0.80738;0.84363;0.00000;AgreeableAgent2018_01@306;half_Right_N025@307;0.0;0.0;0.0;0.0;0.0;0.0;0.0;0.0;0.0;0.0;Energy-A-prof1.xml;Energy-A-prof2.xml
0.936;608;;1000rounds;Yes;No;2;0.40701;0.70406;0.03798;0.14562;1.11107;AgreeableAgent2018_1@308;half_Right_N025@309;0.40700944442961207;0.7040561873579113;0.40700944442961207;0.7040561873579113;0.40700944442961207;0.7040561873579113;0.0;0.0;0.40700944442961207;0.7040561873579113;Energy-A-prof1.xml;Energy-A-prof2.xml
0.103;85;;1000rounds;Yes;No;2;0.31642;0.71032;0.05776;0.37160;1.02673;AgreeableAgent2018_2@310;half_Right_N025@311;0.7103175435806961;0.31641610999855935;0.7103175435806961;0.31641610999855935;0.7103175435806961;0.31641610999855935;0.0;0.0;0.7103175435806961;0.31641610999855935;Energy-A-prof1.xml;Energy-A-prof2.xml
1.010;1001;;1000rounds;No;No;1;0.00000;0.00000;0.80738;0.84363;0.00000;GeneKing_01@312;half_Right_N025@313;0.0;0.0;0.0;0.0;0.0;0.0;0.0;0.0;0.0;0.0;Energy-A-prof1.xml;Energy-A-prof2.xml
0.646;608;;1000rounds;Yes;No;2;0.40701;0.70406;0.03798;0.14562;1.11107;GeneKing_1@314;half_Right_N025@315;0.40700944442961207;0.7040561873579113;0.40700944442961207;0.7040561873579113;0.40700944442961207;0.7040561873579113;0.0;0.0;0.40700944442961207;0.7040561873579113;Energy-A-prof1.xml;Energy-A-prof2.xml
0.080;85;;1000rounds;Yes;No;2;0.31642;0.71032;0.05776;0.37160;1.02673;GeneKing_2@316;half_Right_N025@317;0.7103175435806961;0.31641610999855935;0.7103175435806961;0.31641610999855935;0.7103175435806961;0.31641610999855935;0.0;0.0;0.7103175435806961;0.31641610999855935;Energy-A-prof1.xml;Energy-A-prof2.xml
1.180;1001;;1000rounds;No;No;1;0.00000;0.00000;0.80738;0.84363;0.00000;GroupY_01@318;half_Right_N025@319;0.0;0.0;0.0;0.0;0.0;0.0;0.0;0.0;0.0;0.0;Energy-A-prof1.xml;Energy-A-prof2.xml
0.619;608;;1000rounds;Yes;No;2;0.40701;0.70406;0.03798;0.14562;1.11107;GroupY_1@320;half_Right_N025@321;0.40700944442961207;0.7040561873579113;0.40700944442961207;0.7040561873579113;0.40700944442961207;0.7040561873579113;0.0;0.0;0.40700944442961207;0.7040561873579113;Energy-A-prof1.xml;Energy-A-prof2.xml
0.089;85;;1000rounds;Yes;No;2;0.31642;0.71032;0.05776;0.37160;1.02673;GroupY_2@322;half_Right_N025@323;0.7103175435806961;0.31641610999855935;0.7103175435806961;0.31641610999855935;0.7103175435806961;0.31641610999855935;0.0;0.0;0.7103175435806961;0.31641610999855935;Energy-A-prof1.xml;Energy-A-prof2.xml
;1;Session genius.core.session.Session@6a0c20a1 failed: failed to construct agent : agent init<JonnyBlack_01@324,Participant[Party324,PartyRepositoryItem[JonnyBlack_01,C:\Users\M H\Desktop\myproject\myproject\bin\performance_opponents\JonnyBlack_01\JonnyBlack_01.class,ANAC2015, is mediator=false],etc/templates/anac/y2012/Energy/Energy-A-prof1.xml]> passed deadline and was killed:[C:\Users\M H\Desktop\myproject\myproject\bin\performance_opponents\JonnyBlack_01\JonnyBlack_01.class, C:\Users\M H\Desktop\myproject\myproject\bin\Benchmark_Agents\Normal_Distribution\half_Right_N025.class];1000rounds;No;;0;;;;;;JonnyBlack_01;half_Right_N025;0.0;0.0;0.0;0.0;;;;;;;Energy-A-prof1;Energy-A-prof2
;1;Session genius.core.session.Session@58460c56 failed: failed to construct agent : agent init<JonnyBlack_1@326,Participant[Party326,PartyRepositoryItem[JonnyBlack_1,C:\Users\M H\Desktop\myproject\myproject\bin\performance_opponents\JonnyBlack_1\JonnyBlack_1.class,ANAC2015, is mediator=false],etc/templates/anac/y2012/Energy/Energy-A-prof1.xml]> passed deadline and was killed:[C:\Users\M H\Desktop\myproject\myproject\bin\performance_opponents\JonnyBlack_1\JonnyBlack_1.class, C:\Users\M H\Desktop\myproject\myproject\bin\Benchmark_Agents\Normal_Distribution\half_Right_N025.class];1000rounds;No;;0;;;;;;JonnyBlack_1;half_Right_N025;0.0;0.0;0.0;0.0;;;;;;;Energy-A-prof1;Energy-A-prof2
;1;Session genius.core.session.Session@3620e366 failed: failed to construct agent : agent init<JonnyBlack_2@328,Participant[Party328,PartyRepositoryItem[JonnyBlack_2,C:\Users\M H\Desktop\myproject\myproject\bin\performance_opponents\JonnyBlack_2\JonnyBlack_2.class,ANAC2015, is mediator=false],etc/templates/anac/y2012/Energy/Energy-A-prof1.xml]> passed deadline and was killed:[C:\Users\M H\Desktop\myproject\myproject\bin\performance_opponents\JonnyBlack_2\JonnyBlack_2.class, C:\Users\M H\Desktop\myproject\myproject\bin\Benchmark_Agents\Normal_Distribution\half_Right_N025.class];1000rounds;No;;0;;;;;;JonnyBlack_2;half_Right_N025;0.0;0.0;0.0;0.0;;;;;;;Energy-A-prof1;Energy-A-prof2
2.278;1001;;1000rounds;No;No;1;0.00000;0.00000;0.80738;0.84363;0.00000;Mamenchis_01@330;half_Right_N025@331;0.0;0.0;0.0;0.0;0.0;0.0;0.0;0.0;0.0;0.0;Energy-A-prof1.xml;Energy-A-prof2.xml
0.827;608;;1000rounds;Yes;No;2;0.40701;0.70406;0.03798;0.14562;1.11107;Mamenchis_1@332;half_Right_N025@333;0.40700944442961207;0.7040561873579113;0.40700944442961207;0.7040561873579113;0.40700944442961207;0.7040561873579113;0.0;0.0;0.40700944442961207;0.7040561873579113;Energy-A-prof1.xml;Energy-A-prof2.xml
0.110;85;;1000rounds;Yes;No;2;0.31642;0.71032;0.05776;0.37160;1.02673;Mamenchis_2@334;half_Right_N025@335;0.7103175435806961;0.31641610999855935;0.7103175435806961;0.31641610999855935;0.7103175435806961;0.31641610999855935;0.0;0.0;0.7103175435806961;0.31641610999855935;Energy-A-prof1.xml;Energy-A-prof2.xml
1.407;1001;;1000rounds;No;No;1;0.00000;0.00000;0.80738;0.84363;0.00000;Mosa_01@336;half_Right_N025@337;0.0;0.0;0.0;0.0;0.0;0.0;0.0;0.0;0.0;0.0;Energy-A-prof1.xml;Energy-A-prof2.xml
0.960;608;;1000rounds;Yes;No;2;0.40701;0.70406;0.03798;0.14562;1.11107;Mosa_1@338;half_Right_N025@339;0.40700944442961207;0.7040561873579113;0.40700944442961207;0.7040561873579113;0.40700944442961207;0.7040561873579113;0.0;0.0;0.40700944442961207;0.7040561873579113;Energy-A-prof1.xml;Energy-A-prof2.xml
0.087;85;;1000rounds;Yes;No;2;0.31642;0.71032;0.05776;0.37160;1.02673;Mosa_2@340;half_Right_N025@341;0.7103175435806961;0.31641610999855935;0.7103175435806961;0.31641610999855935;0.7103175435806961;0.31641610999855935;0.0;0.0;0.7103175435806961;0.31641610999855935;Energy-A-prof1.xml;Energy-A-prof2.xml
32.693;1001;;1000rounds;No;No;1;0.00000;0.00000;0.80738;0.84363;0.00000;RandomDance_01@342;half_Right_N025@343;0.0;0.0;0.0;0.0;0.0;0.0;0.0;0.0;0.0;0.0;Energy-A-prof1.xml;Energy-A-prof2.xml
11.021;469;;1000rounds;Yes;No;2;0.57079;0.60387;0.00000;0.05256;1.17466;RandomDance_1@344;half_Right_N025@345;0.5707876599137709;0.6038723283281963;0.5707876599137709;0.6038723283281963;0.5707876599137709;0.6038723283281963;0.0;0.0;0.5707876599137709;0.6038723283281963;Energy-A-prof1.xml;Energy-A-prof2.xml
10.700;145;;1000rounds;Yes;No;2;0.35714;0.62496;0.09032;0.30198;0.98211;RandomDance_2@346;half_Right_N025@347;0.6249617415503677;0.3571447911129636;0.6249617415503677;0.3571447911129636;0.6249617415503677;0.3571447911129636;0.0;0.0;0.6249617415503677;0.3571447911129636;Energy-A-prof1.xml;Energy-A-prof2.xml
1683.495;1001;;1000rounds;No;No;1;0.00000;0.00000;0.80738;0.84363;0.00000;AgentBuyogMain_c01@348;half_Right_N075@349;0.0;0.0;0.0;0.0;0.0;0.0;0.0;0.0;0.0;0.0;Energy-A-prof1.xml;Energy-A-prof2.xml
1387.448;835;;1000rounds;Yes;No;2;0.17602;0.95900;0.00000;0.48007;1.13502;AgentBuyogMain_c1@350;half_Right_N075@351;0.1760240762632303;0.958995362577502;0.1760240762632303;0.958995362577502;0.1760240762632303;0.958995362577502;0.0;0.0;0.1760240762632303;0.958995362577502;Energy-A-prof1.xml;Energy-A-prof2.xml
798.000;579;;1000rounds;Yes;No;2;0.24521;0.89430;0.01715;0.38547;1.13951;AgentBuyogMain_c2@352;half_Right_N075@353;0.24520672302953095;0.8942989913206901;0.24520672302953095;0.8942989913206901;0.24520672302953095;0.8942989913206901;0.0;0.0;0.24520672302953095;0.8942989913206901;Energy-A-prof1.xml;Energy-A-prof2.xml
1.245;1001;;1000rounds;No;No;1;0.00000;0.00000;0.80738;0.84363;0.00000;AgentHP2_main_01@354;half_Right_N075@355;0.0;0.0;0.0;0.0;0.0;0.0;0.0;0.0;0.0;0.0;Energy-A-prof1.xml;Energy-A-prof2.xml
1.050;835;;1000rounds;Yes;No;2;0.17602;0.95900;0.00000;0.48007;1.13502;AgentHP2_main_1@356;half_Right_N075@357;0.1760240762632303;0.958995362577502;0.1760240762632303;0.958995362577502;0.1760240762632303;0.958995362577502;0.0;0.0;0.1760240762632303;0.958995362577502;Energy-A-prof1.xml;Energy-A-prof2.xml
0.702;579;;1000rounds;Yes;No;2;0.24521;0.89430;0.01715;0.38547;1.13951;AgentHP2_main_2@358;half_Right_N075@359;0.24520672302953095;0.8942989913206901;0.24520672302953095;0.8942989913206901;0.24520672302953095;0.8942989913206901;0.0;0.0;0.24520672302953095;0.8942989913206901;Energy-A-prof1.xml;Energy-A-prof2.xml
1.154;1001;;1000rounds;No;No;1;0.00000;0.00000;0.80738;0.84363;0.00000;AgentYK_01@360;half_Right_N075@361;0.0;0.0;0.0;0.0;0.0;0.0;0.0;0.0;0.0;0.0;Energy-A-prof1.xml;Energy-A-prof2.xml
1.159;999;;1000rounds;Yes;No;2;0.00000;1.00000;0.18074;0.64592;1.00000;AgentYK_1@362;half_Right_N075@363;0.0;1.0;0.0;1.0;0.0;1.0;0.0;0.0;0.0;1.0;Energy-A-prof1.xml;Energy-A-prof2.xml
1.061;925;;1000rounds;Yes;No;2;0.03949;0.97868;0.13795;0.60121;1.01817;AgentYK_2@364;half_Right_N075@365;0.03948988818174144;0.9786772949733146;0.03948988818174144;0.9786772949733146;0.03948988818174144;0.9786772949733146;0.0;0.0;0.03948988818174144;0.9786772949733146;Energy-A-prof1.xml;Energy-A-prof2.xml
1.231;1001;;1000rounds;No;No;1;0.00000;0.00000;0.80738;0.84363;0.00000;AgreeableAgent2018_01@366;half_Right_N075@367;0.0;0.0;0.0;0.0;0.0;0.0;0.0;0.0;0.0;0.0;Energy-A-prof1.xml;Energy-A-prof2.xml
1.003;835;;1000rounds;Yes;No;2;0.17602;0.95900;0.00000;0.48007;1.13502;AgreeableAgent2018_1@368;half_Right_N075@369;0.1760240762632303;0.958995362577502;0.1760240762632303;0.958995362577502;0.1760240762632303;0.958995362577502;0.0;0.0;0.1760240762632303;0.958995362577502;Energy-A-prof1.xml;Energy-A-prof2.xml
0.698;579;;1000rounds;Yes;No;2;0.24521;0.89430;0.01715;0.38547;1.13951;AgreeableAgent2018_2@370;half_Right_N075@371;0.24520672302953095;0.8942989913206901;0.24520672302953095;0.8942989913206901;0.24520672302953095;0.8942989913206901;0.0;0.0;0.24520672302953095;0.8942989913206901;Energy-A-prof1.xml;Energy-A-prof2.xml
1.185;1001;;1000rounds;No;No;1;0.00000;0.00000;0.80738;0.84363;0.00000;GeneKing_01@372;half_Right_N075@373;0.0;0.0;0.0;0.0;0.0;0.0;0.0;0.0;0.0;0.0;Energy-A-prof1.xml;Energy-A-prof2.xml
1.096;835;;1000rounds;Yes;No;2;0.17602;0.95900;0.00000;0.48007;1.13502;GeneKing_1@374;half_Right_N075@375;0.1760240762632303;0.958995362577502;0.1760240762632303;0.958995362577502;0.1760240762632303;0.958995362577502;0.0;0.0;0.1760240762632303;0.958995362577502;Energy-A-prof1.xml;Energy-A-prof2.xml
0.788;579;;1000rounds;Yes;No;2;0.24521;0.89430;0.01715;0.38547;1.13951;GeneKing_2@376;half_Right_N075@377;0.24520672302953095;0.8942989913206901;0.24520672302953095;0.8942989913206901;0.24520672302953095;0.8942989913206901;0.0;0.0;0.24520672302953095;0.8942989913206901;Energy-A-prof1.xml;Energy-A-prof2.xml
1.306;1001;;1000rounds;No;No;1;0.00000;0.00000;0.80738;0.84363;0.00000;GroupY_01@378;half_Right_N075@379;0.0;0.0;0.0;0.0;0.0;0.0;0.0;0.0;0.0;0.0;Energy-A-prof1.xml;Energy-A-prof2.xml
1.068;835;;1000rounds;Yes;No;2;0.17602;0.95900;0.00000;0.48007;1.13502;GroupY_1@380;half_Right_N075@381;0.1760240762632303;0.958995362577502;0.1760240762632303;0.958995362577502;0.1760240762632303;0.958995362577502;0.0;0.0;0.1760240762632303;0.958995362577502;Energy-A-prof1.xml;Energy-A-prof2.xml
0.790;579;;1000rounds;Yes;No;2;0.24521;0.89430;0.01715;0.38547;1.13951;GroupY_2@382;half_Right_N075@383;0.24520672302953095;0.8942989913206901;0.24520672302953095;0.8942989913206901;0.24520672302953095;0.8942989913206901;0.0;0.0;0.24520672302953095;0.8942989913206901;Energy-A-prof1.xml;Energy-A-prof2.xml
;1;Session genius.core.session.Session@6423cee8 failed: failed to construct agent : agent init<JonnyBlack_01@384,Participant[Party384,PartyRepositoryItem[JonnyBlack_01,C:\Users\M H\Desktop\myproject\myproject\bin\performance_opponents\JonnyBlack_01\JonnyBlack_01.class,ANAC2015, is mediator=false],etc/templates/anac/y2012/Energy/Energy-A-prof1.xml]> passed deadline and was killed:[C:\Users\M H\Desktop\myproject\myproject\bin\performance_opponents\JonnyBlack_01\JonnyBlack_01.class, C:\Users\M H\Desktop\myproject\myproject\bin\Benchmark_Agents\Normal_Distribution\half_Right_N075.class];1000rounds;No;;0;;;;;;JonnyBlack_01;half_Right_N075;0.0;0.0;0.0;0.0;;;;;;;Energy-A-prof1;Energy-A-prof2
;1;Session genius.core.session.Session@73171105 failed: failed to construct agent : agent init<JonnyBlack_1@386,Participant[Party386,PartyRepositoryItem[JonnyBlack_1,C:\Users\M H\Desktop\myproject\myproject\bin\performance_opponents\JonnyBlack_1\JonnyBlack_1.class,ANAC2015, is mediator=false],etc/templates/anac/y2012/Energy/Energy-A-prof1.xml]> passed deadline and was killed:[C:\Users\M H\Desktop\myproject\myproject\bin\performance_opponents\JonnyBlack_1\JonnyBlack_1.class, C:\Users\M H\Desktop\myproject\myproject\bin\Benchmark_Agents\Normal_Distribution\half_Right_N075.class];1000rounds;No;;0;;;;;;JonnyBlack_1;half_Right_N075;0.0;0.0;0.0;0.0;;;;;;;Energy-A-prof1;Energy-A-prof2
;1;Session genius.core.session.Session@61ccfaa6 failed: failed to construct agent : agent init<JonnyBlack_2@388,Participant[Party388,PartyRepositoryItem[JonnyBlack_2,C:\Users\M H\Desktop\myproject\myproject\bin\performance_opponents\JonnyBlack_2\JonnyBlack_2.class,ANAC2015, is mediator=false],etc/templates/anac/y2012/Energy/Energy-A-prof1.xml]> passed deadline and was killed:[C:\Users\M H\Desktop\myproject\myproject\bin\performance_opponents\JonnyBlack_2\JonnyBlack_2.class, C:\Users\M H\Desktop\myproject\myproject\bin\Benchmark_Agents\Normal_Distribution\half_Right_N075.class];1000rounds;No;;0;;;;;;JonnyBlack_2;half_Right_N075;0.0;0.0;0.0;0.0;;;;;;;Energy-A-prof1;Energy-A-prof2
1.291;1001;;1000rounds;No;No;1;0.00000;0.00000;0.80738;0.84363;0.00000;Mamenchis_01@390;half_Right_N075@391;0.0;0.0;0.0;0.0;0.0;0.0;0.0;0.0;0.0;0.0;Energy-A-prof1.xml;Energy-A-prof2.xml
1.001;835;;1000rounds;Yes;No;2;0.17602;0.95900;0.00000;0.48007;1.13502;Mamenchis_1@392;half_Right_N075@393;0.1760240762632303;0.958995362577502;0.1760240762632303;0.958995362577502;0.1760240762632303;0.958995362577502;0.0;0.0;0.1760240762632303;0.958995362577502;Energy-A-prof1.xml;Energy-A-prof2.xml
0.713;579;;1000rounds;Yes;No;2;0.24521;0.89430;0.01715;0.38547;1.13951;Mamenchis_2@394;half_Right_N075@395;0.24520672302953095;0.8942989913206901;0.24520672302953095;0.8942989913206901;0.24520672302953095;0.8942989913206901;0.0;0.0;0.24520672302953095;0.8942989913206901;Energy-A-prof1.xml;Energy-A-prof2.xml
1.227;1001;;1000rounds;No;No;1;0.00000;0.00000;0.80738;0.84363;0.00000;Mosa_01@396;half_Right_N075@397;0.0;0.0;0.0;0.0;0.0;0.0;0.0;0.0;0.0;0.0;Energy-A-prof1.xml;Energy-A-prof2.xml
0.996;835;;1000rounds;Yes;No;2;0.17602;0.95900;0.00000;0.48007;1.13502;Mosa_1@398;half_Right_N075@399;0.1760240762632303;0.958995362577502;0.1760240762632303;0.958995362577502;0.1760240762632303;0.958995362577502;0.0;0.0;0.1760240762632303;0.958995362577502;Energy-A-prof1.xml;Energy-A-prof2.xml
0.693;579;;1000rounds;Yes;No;2;0.24521;0.89430;0.01715;0.38547;1.13951;Mosa_2@400;half_Right_N075@401;0.24520672302953095;0.8942989913206901;0.24520672302953095;0.8942989913206901;0.24520672302953095;0.8942989913206901;0.0;0.0;0.24520672302953095;0.8942989913206901;Energy-A-prof1.xml;Energy-A-prof2.xml
28.025;1001;;1000rounds;No;No;1;0.00000;0.00000;0.80738;0.84363;0.00000;RandomDance_01@402;half_Right_N075@403;0.0;0.0;0.0;0.0;0.0;0.0;0.0;0.0;0.0;0.0;Energy-A-prof1.xml;Energy-A-prof2.xml
8.870;826;;1000rounds;Yes;No;2;0.17602;0.95900;0.00000;0.48007;1.13502;RandomDance_1@404;half_Right_N075@405;0.1760240762632303;0.958995362577502;0.1760240762632303;0.958995362577502;0.1760240762632303;0.958995362577502;0.0;0.0;0.1760240762632303;0.958995362577502;Energy-A-prof1.xml;Energy-A-prof2.xml
8.286;532;;1000rounds;Yes;No;2;0.27234;0.90482;0.00000;0.37226;1.17716;RandomDance_2@406;half_Right_N075@407;0.2723408767065021;0.9048220113010682;0.2723408767065021;0.9048220113010682;0.2723408767065021;0.9048220113010682;0.0;0.0;0.2723408767065021;0.9048220113010682;Energy-A-prof1.xml;Energy-A-prof2.xml
1112.985;808;;1000rounds;Yes;No;2;0.14131;0.88407;0.02554;0.61123;1.02538;AgentBuyogMain_c01@408;half_Right_Off07@409;0.8840667920820525;0.14131301264798707;0.8840667920820525;0.14131301264798707;0.8840667920820525;0.14131301264798707;0.0;0.0;0.8840667920820525;0.14131301264798707;Energy-A-prof1.xml;Energy-A-prof2.xml
587.392;416;;1000rounds;Yes;No;2;0.41049;0.59065;0.09211;0.24189;1.00114;AgentBuyogMain_c1@410;half_Right_Off07@411;0.5906526762535088;0.4104890669674806;0.5906526762535088;0.4104890669674806;0.5906526762535088;0.4104890669674806;0.0;0.0;0.5906526762535088;0.4104890669674806;Energy-A-prof1.xml;Energy-A-prof2.xml
339.941;249;;1000rounds;Yes;No;2;0.50225;0.52703;0.08765;0.12634;1.02928;AgentBuyogMain_c2@412;half_Right_Off07@413;0.5022521599188452;0.527027718226574;0.5022521599188452;0.527027718226574;0.5022521599188452;0.527027718226574;0.0;0.0;0.5022521599188452;0.527027718226574;Energy-A-prof1.xml;Energy-A-prof2.xml
1.078;808;;1000rounds;Yes;No;2;0.14131;0.88407;0.02554;0.61123;1.02538;AgentHP2_main_01@414;half_Right_Off07@415;0.8840667920820525;0.14131301264798707;0.8840667920820525;0.14131301264798707;0.8840667920820525;0.14131301264798707;0.0;0.0;0.8840667920820525;0.14131301264798707;Energy-A-prof1.xml;Energy-A-prof2.xml
0.515;416;;1000rounds;Yes;No;2;0.41049;0.59065;0.09211;0.24189;1.00114;AgentHP2_main_1@416;half_Right_Off07@417;0.5906526762535088;0.4104890669674806;0.5906526762535088;0.4104890669674806;0.5906526762535088;0.4104890669674806;0.0;0.0;0.5906526762535088;0.4104890669674806;Energy-A-prof1.xml;Energy-A-prof2.xml
0.361;249;;1000rounds;Yes;No;2;0.50225;0.52703;0.08765;0.12634;1.02928;AgentHP2_main_2@418;half_Right_Off07@419;0.5022521599188452;0.527027718226574;0.5022521599188452;0.527027718226574;0.5022521599188452;0.527027718226574;0.0;0.0;0.5022521599188452;0.527027718226574;Energy-A-prof1.xml;Energy-A-prof2.xml
1.273;808;;1000rounds;Yes;No;2;0.14131;0.88407;0.02554;0.61123;1.02538;AgentYK_01@420;half_Right_Off07@421;0.8840667920820525;0.14131301264798707;0.8840667920820525;0.14131301264798707;0.8840667920820525;0.14131301264798707;0.0;0.0;0.8840667920820525;0.14131301264798707;Energy-A-prof1.xml;Energy-A-prof2.xml
0.643;429;;1000rounds;Yes;No;2;0.52951;0.57243;0.03279;0.12183;1.10194;AgentYK_1@422;half_Right_Off07@423;0.5724271758776451;0.5295115540264426;0.5724271758776451;0.5295115540264426;0.5724271758776451;0.5295115540264426;0.0;0.0;0.5724271758776451;0.5295115540264426;Energy-A-prof1.xml;Energy-A-prof2.xml
0.373;249;;1000rounds;Yes;No;2;0.50225;0.52703;0.08765;0.12634;1.02928;AgentYK_2@424;half_Right_Off07@425;0.5022521599188452;0.527027718226574;0.5022521599188452;0.527027718226574;0.5022521599188452;0.527027718226574;0.0;0.0;0.5022521599188452;0.527027718226574;Energy-A-prof1.xml;Energy-A-prof2.xml
1.295;808;;1000rounds;Yes;No;2;0.14131;0.88407;0.02554;0.61123;1.02538;AgreeableAgent2018_01@426;half_Right_Off07@427;0.8840667920820525;0.14131301264798707;0.8840667920820525;0.14131301264798707;0.8840667920820525;0.14131301264798707;0.0;0.0;0.8840667920820525;0.14131301264798707;Energy-A-prof1.xml;Energy-A-prof2.xml
0.629;416;;1000rounds;Yes;No;2;0.41049;0.59065;0.09211;0.24189;1.00114;AgreeableAgent2018_1@428;half_Right_Off07@429;0.5906526762535088;0.4104890669674806;0.5906526762535088;0.4104890669674806;0.5906526762535088;0.4104890669674806;0.0;0.0;0.5906526762535088;0.4104890669674806;Energy-A-prof1.xml;Energy-A-prof2.xml
0.377;249;;1000rounds;Yes;No;2;0.50225;0.52703;0.08765;0.12634;1.02928;AgreeableAgent2018_2@430;half_Right_Off07@431;0.5022521599188452;0.527027718226574;0.5022521599188452;0.527027718226574;0.5022521599188452;0.527027718226574;0.0;0.0;0.5022521599188452;0.527027718226574;Energy-A-prof1.xml;Energy-A-prof2.xml
1.241;808;;1000rounds;Yes;No;2;0.14131;0.88407;0.02554;0.61123;1.02538;GeneKing_01@432;half_Right_Off07@433;0.8840667920820525;0.14131301264798707;0.8840667920820525;0.14131301264798707;0.8840667920820525;0.14131301264798707;0.0;0.0;0.8840667920820525;0.14131301264798707;Energy-A-prof1.xml;Energy-A-prof2.xml
0.565;416;;1000rounds;Yes;No;2;0.41049;0.59065;0.09211;0.24189;1.00114;GeneKing_1@434;half_Right_Off07@435;0.5906526762535088;0.4104890669674806;0.5906526762535088;0.4104890669674806;0.5906526762535088;0.4104890669674806;0.0;0.0;0.5906526762535088;0.4104890669674806;Energy-A-prof1.xml;Energy-A-prof2.xml
0.377;249;;1000rounds;Yes;No;2;0.50225;0.52703;0.08765;0.12634;1.02928;GeneKing_2@436;half_Right_Off07@437;0.5022521599188452;0.527027718226574;0.5022521599188452;0.527027718226574;0.5022521599188452;0.527027718226574;0.0;0.0;0.5022521599188452;0.527027718226574;Energy-A-prof1.xml;Energy-A-prof2.xml
1.210;808;;1000rounds;Yes;No;2;0.14131;0.88407;0.02554;0.61123;1.02538;GroupY_01@438;half_Right_Off07@439;0.8840667920820525;0.14131301264798707;0.8840667920820525;0.14131301264798707;0.8840667920820525;0.14131301264798707;0.0;0.0;0.8840667920820525;0.14131301264798707;Energy-A-prof1.xml;Energy-A-prof2.xml
;1;Session genius.core.session.Session@5064c1c3 failed: failed to construct agent : Execution failed of init<half_Right_Off07@441,Participant[Party441,PartyRepositoryItem[half_Right_Off07,C:\Users\M H\Desktop\myproject\myproject\bin\Benchmark_Agents\Normal_Distribution\half_Right_Off07.class,Singly_Peaked Bidding Agent, is mediator=false],etc/templates/anac/y2012/Energy/Energy-A-prof2.xml]>:java.lang.ArrayIndexOutOfBoundsException: 1: 1:[C:\Users\M H\Desktop\myproject\myproject\bin\performance_opponents\groupy1\GroupY_1.class, C:\Users\M H\Desktop\myproject\myproject\bin\Benchmark_Agents\Normal_Distribution\half_Right_Off07.class];1000rounds;No;;0;;;;;;GroupY_1;half_Right_Off07;0.0;0.0;0.0;0.0;;;;;;;Energy-A-prof1;Energy-A-prof2
0.354;283;;1000rounds;Yes;No;2;0.36727;0.46972;0.33859;0.33859;0.83698;GroupY_2@442;half_Right_Off07@443;0.46971553607577193;0.36726669976942117;0.46971553607577193;0.36726669976942117;0.46971553607577193;0.36726669976942117;0.0;0.0;0.46971553607577193;0.36726669976942117;Energy-A-prof1.xml;Energy-A-prof2.xml
;1;Session genius.core.session.Session@48fe664f failed: failed to construct agent : agent init<JonnyBlack_01@444,Participant[Party444,PartyRepositoryItem[JonnyBlack_01,C:\Users\M H\Desktop\myproject\myproject\bin\performance_opponents\JonnyBlack_01\JonnyBlack_01.class,ANAC2015, is mediator=false],etc/templates/anac/y2012/Energy/Energy-A-prof1.xml]> passed deadline and was killed:[C:\Users\M H\Desktop\myproject\myproject\bin\performance_opponents\JonnyBlack_01\JonnyBlack_01.class, C:\Users\M H\Desktop\myproject\myproject\bin\Benchmark_Agents\Normal_Distribution\half_Right_Off07.class];1000rounds;No;;0;;;;;;JonnyBlack_01;half_Right_Off07;0.0;0.0;0.0;0.0;;;;;;;Energy-A-prof1;Energy-A-prof2
;1;Session genius.core.session.Session@75180c5c failed: failed to construct agent : agent init<JonnyBlack_1@446,Participant[Party446,PartyRepositoryItem[JonnyBlack_1,C:\Users\M H\Desktop\myproject\myproject\bin\performance_opponents\JonnyBlack_1\JonnyBlack_1.class,ANAC2015, is mediator=false],etc/templates/anac/y2012/Energy/Energy-A-prof1.xml]> passed deadline and was killed:[C:\Users\M H\Desktop\myproject\myproject\bin\performance_opponents\JonnyBlack_1\JonnyBlack_1.class, C:\Users\M H\Desktop\myproject\myproject\bin\Benchmark_Agents\Normal_Distribution\half_Right_Off07.class];1000rounds;No;;0;;;;;;JonnyBlack_1;half_Right_Off07;0.0;0.0;0.0;0.0;;;;;;;Energy-A-prof1;Energy-A-prof2
;1;Session genius.core.session.Session@66313715 failed: failed to construct agent : agent init<JonnyBlack_2@448,Participant[Party448,PartyRepositoryItem[JonnyBlack_2,C:\Users\M H\Desktop\myproject\myproject\bin\performance_opponents\JonnyBlack_2\JonnyBlack_2.class,ANAC2015, is mediator=false],etc/templates/anac/y2012/Energy/Energy-A-prof1.xml]> passed deadline and was killed:[C:\Users\M H\Desktop\myproject\myproject\bin\performance_opponents\JonnyBlack_2\JonnyBlack_2.class, C:\Users\M H\Desktop\myproject\myproject\bin\Benchmark_Agents\Normal_Distribution\half_Right_Off07.class];1000rounds;No;;0;;;;;;JonnyBlack_2;half_Right_Off07;0.0;0.0;0.0;0.0;;;;;;;Energy-A-prof1;Energy-A-prof2
1.131;808;;1000rounds;Yes;No;2;0.14131;0.88407;0.02554;0.61123;1.02538;Mamenchis_01@450;half_Right_Off07@451;0.8840667920820525;0.14131301264798707;0.8840667920820525;0.14131301264798707;0.8840667920820525;0.14131301264798707;0.0;0.0;0.8840667920820525;0.14131301264798707;Energy-A-prof1.xml;Energy-A-prof2.xml
0.686;416;;1000rounds;Yes;No;2;0.41049;0.59065;0.09211;0.24189;1.00114;Mamenchis_1@452;half_Right_Off07@453;0.5906526762535088;0.4104890669674806;0.5906526762535088;0.4104890669674806;0.5906526762535088;0.4104890669674806;0.0;0.0;0.5906526762535088;0.4104890669674806;Energy-A-prof1.xml;Energy-A-prof2.xml
0.374;249;;1000rounds;Yes;No;2;0.50225;0.52703;0.08765;0.12634;1.02928;Mamenchis_2@454;half_Right_Off07@455;0.5022521599188452;0.527027718226574;0.5022521599188452;0.527027718226574;0.5022521599188452;0.527027718226574;0.0;0.0;0.5022521599188452;0.527027718226574;Energy-A-prof1.xml;Energy-A-prof2.xml
1.179;808;;1000rounds;Yes;No;2;0.14131;0.88407;0.02554;0.61123;1.02538;Mosa_01@456;half_Right_Off07@457;0.8840667920820525;0.14131301264798707;0.8840667920820525;0.14131301264798707;0.8840667920820525;0.14131301264798707;0.0;0.0;0.8840667920820525;0.14131301264798707;Energy-A-prof1.xml;Energy-A-prof2.xml
0.606;416;;1000rounds;Yes;No;2;0.41049;0.59065;0.09211;0.24189;1.00114;Mosa_1@458;half_Right_Off07@459;0.5906526762535088;0.4104890669674806;0.5906526762535088;0.4104890669674806;0.5906526762535088;0.4104890669674806;0.0;0.0;0.5906526762535088;0.4104890669674806;Energy-A-prof1.xml;Energy-A-prof2.xml
0.374;249;;1000rounds;Yes;No;2;0.50225;0.52703;0.08765;0.12634;1.02928;Mosa_2@460;half_Right_Off07@461;0.5022521599188452;0.527027718226574;0.5022521599188452;0.527027718226574;0.5022521599188452;0.527027718226574;0.0;0.0;0.5022521599188452;0.527027718226574;Energy-A-prof1.xml;Energy-A-prof2.xml
34.318;803;;1000rounds;Yes;No;2;0.13965;0.92295;0.00000;0.63519;1.06261;RandomDance_01@462;half_Right_Off07@463;0.9229547555814532;0.13965103750478108;0.9229547555814532;0.13965103750478108;0.9229547555814532;0.13965103750478108;0.0;0.0;0.9229547555814532;0.13965103750478108;Energy-A-prof1.xml;Energy-A-prof2.xml
10.666;366;;1000rounds;Yes;No;2;0.53824;0.63632;0.00000;0.14474;1.17456;RandomDance_1@464;half_Right_Off07@465;0.6363200990354823;0.5382366631788778;0.6363200990354823;0.5382366631788778;0.6363200990354823;0.5382366631788778;0.0;0.0;0.6363200990354823;0.5382366631788778;Energy-A-prof1.xml;Energy-A-prof2.xml
9.189;212;;1000rounds;Yes;No;2;0.54109;0.64725;0.00000;0.00000;1.18834;RandomDance_2@466;half_Right_Off07@467;0.5410949013292118;0.6472459945583225;0.5410949013292118;0.6472459945583225;0.5410949013292118;0.6472459945583225;0.0;0.0;0.5410949013292118;0.6472459945583225;Energy-A-prof1.xml;Energy-A-prof2.xml
1144.979;837;;1000rounds;Yes;No;2;0.15363;0.83491;0.04390;0.57444;0.98854;AgentBuyogMain_c01@468;half_Right_Off08@469;0.8349080005374362;0.1536306557410481;0.8349080005374362;0.1536306557410481;0.8349080005374362;0.1536306557410481;0.0;0.0;0.8349080005374362;0.1536306557410481;Energy-A-prof1.xml;Energy-A-prof2.xml
590.222;427;;1000rounds;Yes;No;2;0.46034;0.57516;0.07496;0.18998;1.03550;AgentBuyogMain_c1@470;half_Right_Off08@471;0.5751572590116638;0.4603401459651076;0.5751572590116638;0.4603401459651076;0.5751572590116638;0.4603401459651076;0.0;0.0;0.5751572590116638;0.4603401459651076;Energy-A-prof1.xml;Energy-A-prof2.xml
637.310;288;;1000rounds;Yes;No;2;0.51932;0.57143;0.04065;0.07888;1.09075;AgentBuyogMain_c2@472;half_Right_Off08@473;0.5193219629324992;0.5714267854656944;0.5193219629324992;0.5714267854656944;0.5193219629324992;0.5714267854656944;0.0;0.0;0.5193219629324992;0.5714267854656944;Energy-A-prof1.xml;Energy-A-prof2.xml
1.491;837;;1000rounds;Yes;No;2;0.15363;0.83491;0.04390;0.57444;0.98854;AgentHP2_main_01@474;half_Right_Off08@475;0.8349080005374362;0.1536306557410481;0.8349080005374362;0.1536306557410481;0.8349080005374362;0.1536306557410481;0.0;0.0;0.8349080005374362;0.1536306557410481;Energy-A-prof1.xml;Energy-A-prof2.xml
0.454;427;;1000rounds;Yes;No;2;0.46034;0.57516;0.07496;0.18998;1.03550;AgentHP2_main_1@476;half_Right_Off08@477;0.5751572590116638;0.4603401459651076;0.5751572590116638;0.4603401459651076;0.5751572590116638;0.4603401459651076;0.0;0.0;0.5751572590116638;0.4603401459651076;Energy-A-prof1.xml;Energy-A-prof2.xml
0.455;288;;1000rounds;Yes;No;2;0.51932;0.57143;0.04065;0.07888;1.09075;AgentHP2_main_2@478;half_Right_Off08@479;0.5193219629324992;0.5714267854656944;0.5193219629324992;0.5714267854656944;0.5193219629324992;0.5714267854656944;0.0;0.0;0.5193219629324992;0.5714267854656944;Energy-A-prof1.xml;Energy-A-prof2.xml
1.025;837;;1000rounds;Yes;No;2;0.15363;0.83491;0.04390;0.57444;0.98854;AgentYK_01@480;half_Right_Off08@481;0.8349080005374362;0.1536306557410481;0.8349080005374362;0.1536306557410481;0.8349080005374362;0.1536306557410481;0.0;0.0;0.8349080005374362;0.1536306557410481;Energy-A-prof1.xml;Energy-A-prof2.xml
0.646;429;;1000rounds;Yes;No;2;0.52951;0.57243;0.03279;0.12183;1.10194;AgentYK_1@482;half_Right_Off08@483;0.5724271758776451;0.5295115540264426;0.5724271758776451;0.5295115540264426;0.5724271758776451;0.5295115540264426;0.0;0.0;0.5724271758776451;0.5295115540264426;Energy-A-prof1.xml;Energy-A-prof2.xml
0.313;305;;1000rounds;Yes;No;2;0.44891;0.57627;0.09513;0.11634;1.02518;AgentYK_2@484;half_Right_Off08@485;0.4489134905829551;0.5762708644681733;0.4489134905829551;0.5762708644681733;0.4489134905829551;0.5762708644681733;0.0;0.0;0.4489134905829551;0.5762708644681733;Energy-A-prof1.xml;Energy-A-prof2.xml
1.119;837;;1000rounds;Yes;No;2;0.15363;0.83491;0.04390;0.57444;0.98854;AgreeableAgent2018_01@486;half_Right_Off08@487;0.8349080005374362;0.1536306557410481;0.8349080005374362;0.1536306557410481;0.8349080005374362;0.1536306557410481;0.0;0.0;0.8349080005374362;0.1536306557410481;Energy-A-prof1.xml;Energy-A-prof2.xml
0.888;427;;1000rounds;Yes;No;2;0.46034;0.57516;0.07496;0.18998;1.03550;AgreeableAgent2018_1@488;half_Right_Off08@489;0.5751572590116638;0.4603401459651076;0.5751572590116638;0.4603401459651076;0.5751572590116638;0.4603401459651076;0.0;0.0;0.5751572590116638;0.4603401459651076;Energy-A-prof1.xml;Energy-A-prof2.xml
0.411;288;;1000rounds;Yes;No;2;0.51932;0.57143;0.04065;0.07888;1.09075;AgreeableAgent2018_2@490;half_Right_Off08@491;0.5193219629324992;0.5714267854656944;0.5193219629324992;0.5714267854656944;0.5193219629324992;0.5714267854656944;0.0;0.0;0.5193219629324992;0.5714267854656944;Energy-A-prof1.xml;Energy-A-prof2.xml
1.482;837;;1000rounds;Yes;No;2;0.15363;0.83491;0.04390;0.57444;0.98854;GeneKing_01@492;half_Right_Off08@493;0.8349080005374362;0.1536306557410481;0.8349080005374362;0.1536306557410481;0.8349080005374362;0.1536306557410481;0.0;0.0;0.8349080005374362;0.1536306557410481;Energy-A-prof1.xml;Energy-A-prof2.xml
0.653;427;;1000rounds;Yes;No;2;0.46034;0.57516;0.07496;0.18998;1.03550;GeneKing_1@494;half_Right_Off08@495;0.5751572590116638;0.4603401459651076;0.5751572590116638;0.4603401459651076;0.5751572590116638;0.4603401459651076;0.0;0.0;0.5751572590116638;0.4603401459651076;Energy-A-prof1.xml;Energy-A-prof2.xml
0.422;288;;1000rounds;Yes;No;2;0.51932;0.57143;0.04065;0.07888;1.09075;GeneKing_2@496;half_Right_Off08@497;0.5193219629324992;0.5714267854656944;0.5193219629324992;0.5714267854656944;0.5193219629324992;0.5714267854656944;0.0;0.0;0.5193219629324992;0.5714267854656944;Energy-A-prof1.xml;Energy-A-prof2.xml
1.368;837;;1000rounds;Yes;No;2;0.15363;0.83491;0.04390;0.57444;0.98854;GroupY_01@498;half_Right_Off08@499;0.8349080005374362;0.1536306557410481;0.8349080005374362;0.1536306557410481;0.8349080005374362;0.1536306557410481;0.0;0.0;0.8349080005374362;0.1536306557410481;Energy-A-prof1.xml;Energy-A-prof2.xml
0.600;427;;1000rounds;Yes;No;2;0.46034;0.57516;0.07496;0.18998;1.03550;GroupY_1@500;half_Right_Off08@501;0.5751572590116638;0.4603401459651076;0.5751572590116638;0.4603401459651076;0.5751572590116638;0.4603401459651076;0.0;0.0;0.5751572590116638;0.4603401459651076;Energy-A-prof1.xml;Energy-A-prof2.xml
0.523;288;;1000rounds;Yes;No;2;0.51932;0.57143;0.04065;0.07888;1.09075;GroupY_2@502;half_Right_Off08@503;0.5193219629324992;0.5714267854656944;0.5193219629324992;0.5714267854656944;0.5193219629324992;0.5714267854656944;0.0;0.0;0.5193219629324992;0.5714267854656944;Energy-A-prof1.xml;Energy-A-prof2.xml
;1;Session genius.core.session.Session@11b0b145 failed: failed to construct agent : agent init<JonnyBlack_01@504,Participant[Party504,PartyRepositoryItem[JonnyBlack_01,C:\Users\M H\Desktop\myproject\myproject\bin\performance_opponents\JonnyBlack_01\JonnyBlack_01.class,ANAC2015, is mediator=false],etc/templates/anac/y2012/Energy/Energy-A-prof1.xml]> passed deadline and was killed:[C:\Users\M H\Desktop\myproject\myproject\bin\performance_opponents\JonnyBlack_01\JonnyBlack_01.class, C:\Users\M H\Desktop\myproject\myproject\bin\Benchmark_Agents\Normal_Distribution\half_Right_Off08.class];1000rounds;No;;0;;;;;;JonnyBlack_01;half_Right_Off08;0.0;0.0;0.0;0.0;;;;;;;Energy-A-prof1;Energy-A-prof2
;1;Session genius.core.session.Session@5489f3a failed: failed to construct agent : agent init<JonnyBlack_1@506,Participant[Party506,PartyRepositoryItem[JonnyBlack_1,C:\Users\M H\Desktop\myproject\myproject\bin\performance_opponents\JonnyBlack_1\JonnyBlack_1.class,ANAC2015, is mediator=false],etc/templates/anac/y2012/Energy/Energy-A-prof1.xml]> passed deadline and was killed:[C:\Users\M H\Desktop\myproject\myproject\bin\performance_opponents\JonnyBlack_1\JonnyBlack_1.class, C:\Users\M H\Desktop\myproject\myproject\bin\Benchmark_Agents\Normal_Distribution\half_Right_Off08.class];1000rounds;No;;0;;;;;;JonnyBlack_1;half_Right_Off08;0.0;0.0;0.0;0.0;;;;;;;Energy-A-prof1;Energy-A-prof2
;1;Session genius.core.session.Session@44f3cc9c failed: failed to construct agent : agent init<JonnyBlack_2@508,Participant[Party508,PartyRepositoryItem[JonnyBlack_2,C:\Users\M H\Desktop\myproject\myproject\bin\performance_opponents\JonnyBlack_2\JonnyBlack_2.class,ANAC2015, is mediator=false],etc/templates/anac/y2012/Energy/Energy-A-prof1.xml]> passed deadline and was killed:[C:\Users\M H\Desktop\myproject\myproject\bin\performance_opponents\JonnyBlack_2\JonnyBlack_2.class, C:\Users\M H\Desktop\myproject\myproject\bin\Benchmark_Agents\Normal_Distribution\half_Right_Off08.class];1000rounds;No;;0;;;;;;JonnyBlack_2;half_Right_Off08;0.0;0.0;0.0;0.0;;;;;;;Energy-A-prof1;Energy-A-prof2
0.986;837;;1000rounds;Yes;No;2;0.15363;0.83491;0.04390;0.57444;0.98854;Mamenchis_01@510;half_Right_Off08@511;0.8349080005374362;0.1536306557410481;0.8349080005374362;0.1536306557410481;0.8349080005374362;0.1536306557410481;0.0;0.0;0.8349080005374362;0.1536306557410481;Energy-A-prof1.xml;Energy-A-prof2.xml
0.533;427;;1000rounds;Yes;No;2;0.46034;0.57516;0.07496;0.18998;1.03550;Mamenchis_1@512;half_Right_Off08@513;0.5751572590116638;0.4603401459651076;0.5751572590116638;0.4603401459651076;0.5751572590116638;0.4603401459651076;0.0;0.0;0.5751572590116638;0.4603401459651076;Energy-A-prof1.xml;Energy-A-prof2.xml
0.484;288;;1000rounds;Yes;No;2;0.51932;0.57143;0.04065;0.07888;1.09075;Mamenchis_2@514;half_Right_Off08@515;0.5193219629324992;0.5714267854656944;0.5193219629324992;0.5714267854656944;0.5193219629324992;0.5714267854656944;0.0;0.0;0.5193219629324992;0.5714267854656944;Energy-A-prof1.xml;Energy-A-prof2.xml
1.084;837;;1000rounds;Yes;No;2;0.15363;0.83491;0.04390;0.57444;0.98854;Mosa_01@516;half_Right_Off08@517;0.8349080005374362;0.1536306557410481;0.8349080005374362;0.1536306557410481;0.8349080005374362;0.1536306557410481;0.0;0.0;0.8349080005374362;0.1536306557410481;Energy-A-prof1.xml;Energy-A-prof2.xml
0.439;427;;1000rounds;Yes;No;2;0.46034;0.57516;0.07496;0.18998;1.03550;Mosa_1@518;half_Right_Off08@519;0.5751572590116638;0.4603401459651076;0.5751572590116638;0.4603401459651076;0.5751572590116638;0.4603401459651076;0.0;0.0;0.5751572590116638;0.4603401459651076;Energy-A-prof1.xml;Energy-A-prof2.xml
0.296;288;;1000rounds;Yes;No;2;0.51932;0.57143;0.04065;0.07888;1.09075;Mosa_2@520;half_Right_Off08@521;0.5193219629324992;0.5714267854656944;0.5193219629324992;0.5714267854656944;0.5193219629324992;0.5714267854656944;0.0;0.0;0.5193219629324992;0.5714267854656944;Energy-A-prof1.xml;Energy-A-prof2.xml
23.900;830;;1000rounds;Yes;No;2;0.13891;0.92171;0.00146;0.63504;1.06061;RandomDance_01@522;half_Right_Off08@523;0.9217052792924738;0.13890534158185955;0.9217052792924738;0.13890534158185955;0.9217052792924738;0.13890534158185955;0.0;0.0;0.9217052792924738;0.13890534158185955;Energy-A-prof1.xml;Energy-A-prof2.xml
8.642;357;;1000rounds;Yes;No;2;0.53705;0.64528;0.00000;0.15165;1.18233;RandomDance_1@524;half_Right_Off08@525;0.6452800191697703;0.537049054072077;0.6452800191697703;0.537049054072077;0.6452800191697703;0.537049054072077;0.0;0.0;0.6452800191697703;0.537049054072077;Energy-A-prof1.xml;Energy-A-prof2.xml
9.703;219;;1000rounds;Yes;No;2;0.54109;0.64725;0.00000;0.00000;1.18834;RandomDance_2@526;half_Right_Off08@527;0.5410949013292118;0.6472459945583225;0.5410949013292118;0.6472459945583225;0.5410949013292118;0.6472459945583225;0.0;0.0;0.5410949013292118;0.6472459945583225;Energy-A-prof1.xml;Energy-A-prof2.xml
1203.937;837;;1000rounds;Yes;No;2;0.15363;0.83491;0.04390;0.57444;0.98854;AgentBuyogMain_c01@528;half_Right_Off09@529;0.8349080005374362;0.1536306557410481;0.8349080005374362;0.1536306557410481;0.8349080005374362;0.1536306557410481;0.0;0.0;0.8349080005374362;0.1536306557410481;Energy-A-prof1.xml;Energy-A-prof2.xml
635.349;429;;1000rounds;Yes;No;2;0.52951;0.57243;0.03279;0.12183;1.10194;AgentBuyogMain_c1@530;half_Right_Off09@531;0.5724271758776451;0.5295115540264426;0.5724271758776451;0.5295115540264426;0.5724271758776451;0.5295115540264426;0.0;0.0;0.5724271758776451;0.5295115540264426;Energy-A-prof1.xml;Energy-A-prof2.xml
467.740;321;;1000rounds;Yes;No;2;0.43638;0.61319;0.07671;0.11011;1.04957;AgentBuyogMain_c2@532;half_Right_Off09@533;0.436382101116478;0.6131859628187634;0.436382101116478;0.6131859628187634;0.436382101116478;0.6131859628187634;0.0;0.0;0.436382101116478;0.6131859628187634;Energy-A-prof1.xml;Energy-A-prof2.xml
1.148;837;;1000rounds;Yes;No;2;0.15363;0.83491;0.04390;0.57444;0.98854;AgentHP2_main_01@534;half_Right_Off09@535;0.8349080005374362;0.1536306557410481;0.8349080005374362;0.1536306557410481;0.8349080005374362;0.1536306557410481;0.0;0.0;0.8349080005374362;0.1536306557410481;Energy-A-prof1.xml;Energy-A-prof2.xml
0.900;429;;1000rounds;Yes;No;2;0.52951;0.57243;0.03279;0.12183;1.10194;AgentHP2_main_1@536;half_Right_Off09@537;0.5724271758776451;0.5295115540264426;0.5724271758776451;0.5295115540264426;0.5724271758776451;0.5295115540264426;0.0;0.0;0.5724271758776451;0.5295115540264426;Energy-A-prof1.xml;Energy-A-prof2.xml
2.319;321;;1000rounds;Yes;No;2;0.43638;0.61319;0.07671;0.11011;1.04957;AgentHP2_main_2@538;half_Right_Off09@539;0.436382101116478;0.6131859628187634;0.436382101116478;0.6131859628187634;0.436382101116478;0.6131859628187634;0.0;0.0;0.436382101116478;0.6131859628187634;Energy-A-prof1.xml;Energy-A-prof2.xml
0.981;837;;1000rounds;Yes;No;2;0.15363;0.83491;0.04390;0.57444;0.98854;AgentYK_01@540;half_Right_Off09@541;0.8349080005374362;0.1536306557410481;0.8349080005374362;0.1536306557410481;0.8349080005374362;0.1536306557410481;0.0;0.0;0.8349080005374362;0.1536306557410481;Energy-A-prof1.xml;Energy-A-prof2.xml
0.451;429;;1000rounds;Yes;No;2;0.52951;0.57243;0.03279;0.12183;1.10194;AgentYK_1@542;half_Right_Off09@543;0.5724271758776451;0.5295115540264426;0.5724271758776451;0.5295115540264426;0.5724271758776451;0.5295115540264426;0.0;0.0;0.5724271758776451;0.5295115540264426;Energy-A-prof1.xml;Energy-A-prof2.xml
0.357;358;;1000rounds;Yes;No;2;0.40281;0.58532;0.11702;0.15152;0.98812;AgentYK_2@544;half_Right_Off09@545;0.40280518376511987;0.5853151080542797;0.40280518376511987;0.5853151080542797;0.40280518376511987;0.5853151080542797;0.0;0.0;0.40280518376511987;0.5853151080542797;Energy-A-prof1.xml;Energy-A-prof2.xml
1.138;837;;1000rounds;Yes;No;2;0.15363;0.83491;0.04390;0.57444;0.98854;AgreeableAgent2018_01@546;half_Right_Off09@547;0.8349080005374362;0.1536306557410481;0.8349080005374362;0.1536306557410481;0.8349080005374362;0.1536306557410481;0.0;0.0;0.8349080005374362;0.1536306557410481;Energy-A-prof1.xml;Energy-A-prof2.xml
0.435;429;;1000rounds;Yes;No;2;0.52951;0.57243;0.03279;0.12183;1.10194;AgreeableAgent2018_1@548;half_Right_Off09@549;0.5724271758776451;0.5295115540264426;0.5724271758776451;0.5295115540264426;0.5724271758776451;0.5295115540264426;0.0;0.0;0.5724271758776451;0.5295115540264426;Energy-A-prof1.xml;Energy-A-prof2.xml
0.391;321;;1000rounds;Yes;No;2;0.43638;0.61319;0.07671;0.11011;1.04957;AgreeableAgent2018_2@550;half_Right_Off09@551;0.436382101116478;0.6131859628187634;0.436382101116478;0.6131859628187634;0.436382101116478;0.6131859628187634;0.0;0.0;0.436382101116478;0.6131859628187634;Energy-A-prof1.xml;Energy-A-prof2.xml
1.005;837;;1000rounds;Yes;No;2;0.15363;0.83491;0.04390;0.57444;0.98854;GeneKing_01@552;half_Right_Off09@553;0.8349080005374362;0.1536306557410481;0.8349080005374362;0.1536306557410481;0.8349080005374362;0.1536306557410481;0.0;0.0;0.8349080005374362;0.1536306557410481;Energy-A-prof1.xml;Energy-A-prof2.xml
0.748;429;;1000rounds;Yes;No;2;0.52951;0.57243;0.03279;0.12183;1.10194;GeneKing_1@554;half_Right_Off09@555;0.5724271758776451;0.5295115540264426;0.5724271758776451;0.5295115540264426;0.5724271758776451;0.5295115540264426;0.0;0.0;0.5724271758776451;0.5295115540264426;Energy-A-prof1.xml;Energy-A-prof2.xml
0.448;321;;1000rounds;Yes;No;2;0.43638;0.61319;0.07671;0.11011;1.04957;GeneKing_2@556;half_Right_Off09@557;0.436382101116478;0.6131859628187634;0.436382101116478;0.6131859628187634;0.436382101116478;0.6131859628187634;0.0;0.0;0.436382101116478;0.6131859628187634;Energy-A-prof1.xml;Energy-A-prof2.xml
0.936;837;;1000rounds;Yes;No;2;0.15363;0.83491;0.04390;0.57444;0.98854;GroupY_01@558;half_Right_Off09@559;0.8349080005374362;0.1536306557410481;0.8349080005374362;0.1536306557410481;0.8349080005374362;0.1536306557410481;0.0;0.0;0.8349080005374362;0.1536306557410481;Energy-A-prof1.xml;Energy-A-prof2.xml
0.526;429;;1000rounds;Yes;No;2;0.52951;0.57243;0.03279;0.12183;1.10194;GroupY_1@560;half_Right_Off09@561;0.5724271758776451;0.5295115540264426;0.5724271758776451;0.5295115540264426;0.5724271758776451;0.5295115540264426;0.0;0.0;0.5724271758776451;0.5295115540264426;Energy-A-prof1.xml;Energy-A-prof2.xml
0.323;321;;1000rounds;Yes;No;2;0.43638;0.61319;0.07671;0.11011;1.04957;GroupY_2@562;half_Right_Off09@563;0.436382101116478;0.6131859628187634;0.436382101116478;0.6131859628187634;0.436382101116478;0.6131859628187634;0.0;0.0;0.436382101116478;0.6131859628187634;Energy-A-prof1.xml;Energy-A-prof2.xml
;1;Session genius.core.session.Session@7edbb803 failed: failed to construct agent : agent init<JonnyBlack_01@564,Participant[Party564,PartyRepositoryItem[JonnyBlack_01,C:\Users\M H\Desktop\myproject\myproject\bin\performance_opponents\JonnyBlack_01\JonnyBlack_01.class,ANAC2015, is mediator=false],etc/templates/anac/y2012/Energy/Energy-A-prof1.xml]> passed deadline and was killed:[C:\Users\M H\Desktop\myproject\myproject\bin\performance_opponents\JonnyBlack_01\JonnyBlack_01.class, C:\Users\M H\Desktop\myproject\myproject\bin\Benchmark_Agents\Normal_Distribution\half_Right_Off09.class];1000rounds;No;;0;;;;;;JonnyBlack_01;half_Right_Off09;0.0;0.0;0.0;0.0;;;;;;;Energy-A-prof1;Energy-A-prof2
;1;Session genius.core.session.Session@27919184 failed: failed to construct agent : agent init<JonnyBlack_1@566,Participant[Party566,PartyRepositoryItem[JonnyBlack_1,C:\Users\M H\Desktop\myproject\myproject\bin\performance_opponents\JonnyBlack_1\JonnyBlack_1.class,ANAC2015, is mediator=false],etc/templates/anac/y2012/Energy/Energy-A-prof1.xml]> passed deadline and was killed:[C:\Users\M H\Desktop\myproject\myproject\bin\performance_opponents\JonnyBlack_1\JonnyBlack_1.class, C:\Users\M H\Desktop\myproject\myproject\bin\Benchmark_Agents\Normal_Distribution\half_Right_Off09.class];1000rounds;No;;0;;;;;;JonnyBlack_1;half_Right_Off09;0.0;0.0;0.0;0.0;;;;;;;Energy-A-prof1;Energy-A-prof2
;1;Session genius.core.session.Session@7a952e96 failed: failed to construct agent : agent init<JonnyBlack_2@568,Participant[Party568,PartyRepositoryItem[JonnyBlack_2,C:\Users\M H\Desktop\myproject\myproject\bin\performance_opponents\JonnyBlack_2\JonnyBlack_2.class,ANAC2015, is mediator=false],etc/templates/anac/y2012/Energy/Energy-A-prof1.xml]> passed deadline and was killed:[C:\Users\M H\Desktop\myproject\myproject\bin\performance_opponents\JonnyBlack_2\JonnyBlack_2.class, C:\Users\M H\Desktop\myproject\myproject\bin\Benchmark_Agents\Normal_Distribution\half_Right_Off09.class];1000rounds;No;;0;;;;;;JonnyBlack_2;half_Right_Off09;0.0;0.0;0.0;0.0;;;;;;;Energy-A-prof1;Energy-A-prof2
0.923;837;;1000rounds;Yes;No;2;0.15363;0.83491;0.04390;0.57444;0.98854;Mamenchis_01@570;half_Right_Off09@571;0.8349080005374362;0.1536306557410481;0.8349080005374362;0.1536306557410481;0.8349080005374362;0.1536306557410481;0.0;0.0;0.8349080005374362;0.1536306557410481;Energy-A-prof1.xml;Energy-A-prof2.xml
0.789;429;;1000rounds;Yes;No;2;0.52951;0.57243;0.03279;0.12183;1.10194;Mamenchis_1@572;half_Right_Off09@573;0.5724271758776451;0.5295115540264426;0.5724271758776451;0.5295115540264426;0.5724271758776451;0.5295115540264426;0.0;0.0;0.5724271758776451;0.5295115540264426;Energy-A-prof1.xml;Energy-A-prof2.xml
0.349;321;;1000rounds;Yes;No;2;0.43638;0.61319;0.07671;0.11011;1.04957;Mamenchis_2@574;half_Right_Off09@575;0.436382101116478;0.6131859628187634;0.436382101116478;0.6131859628187634;0.436382101116478;0.6131859628187634;0.0;0.0;0.436382101116478;0.6131859628187634;Energy-A-prof1.xml;Energy-A-prof2.xml
0.889;837;;1000rounds;Yes;No;2;0.15363;0.83491;0.04390;0.57444;0.98854;Mosa_01@576;half_Right_Off09@577;0.8349080005374362;0.1536306557410481;0.8349080005374362;0.1536306557410481;0.8349080005374362;0.1536306557410481;0.0;0.0;0.8349080005374362;0.1536306557410481;Energy-A-prof1.xml;Energy-A-prof2.xml
0.426;429;;1000rounds;Yes;No;2;0.52951;0.57243;0.03279;0.12183;1.10194;Mosa_1@578;half_Right_Off09@579;0.5724271758776451;0.5295115540264426;0.5724271758776451;0.5295115540264426;0.5724271758776451;0.5295115540264426;0.0;0.0;0.5724271758776451;0.5295115540264426;Energy-A-prof1.xml;Energy-A-prof2.xml
0.485;321;;1000rounds;Yes;No;2;0.43638;0.61319;0.07671;0.11011;1.04957;Mosa_2@580;half_Right_Off09@581;0.436382101116478;0.6131859628187634;0.436382101116478;0.6131859628187634;0.436382101116478;0.6131859628187634;0.0;0.0;0.436382101116478;0.6131859628187634;Energy-A-prof1.xml;Energy-A-prof2.xml
23.622;848;;1000rounds;Yes;No;2;0.13891;0.92171;0.00146;0.63504;1.06061;RandomDance_01@582;half_Right_Off09@583;0.9217052792924738;0.13890534158185955;0.9217052792924738;0.13890534158185955;0.9217052792924738;0.13890534158185955;0.0;0.0;0.9217052792924738;0.13890534158185955;Energy-A-prof1.xml;Energy-A-prof2.xml
6.747;407;;1000rounds;Yes;No;2;0.53749;0.63507;0.00146;0.14449;1.17256;RandomDance_1@584;half_Right_Off09@585;0.6350706227465029;0.5374909672559561;0.6350706227465029;0.5374909672559561;0.6350706227465029;0.5374909672559561;0.0;0.0;0.6350706227465029;0.5374909672559561;Energy-A-prof1.xml;Energy-A-prof2.xml
6.809;280;;1000rounds;Yes;No;2;0.48057;0.68186;0.00146;0.06972;1.16243;RandomDance_2@586;half_Right_Off09@587;0.4805738374709376;0.6818587790838256;0.4805738374709376;0.6818587790838256;0.4805738374709376;0.6818587790838256;0.0;0.0;0.4805738374709376;0.6818587790838256;Energy-A-prof1.xml;Energy-A-prof2.xml
